country_a,country_b,total_weight,num_edges
CR,CW,228.0,51
ID,IL,211.0,56
DK,TZ,199.0,45
CH,ES,198.0,50
FI,NO,198.0,48
LB,PE,198.0,48
CN,HR,196.0,46
LT,UA,192.0,46
BE,MY,192.0,50
DE,ZA,190.0,44
ES,GE,190.0,47
EG,MY,188.0,41
PL,TW,187.0,45
IS,TW,187.0,45
DE,RS,187.0,41
CU,SE,187.0,44
IN,UA,186.0,48
LT,MY,186.0,42
DE,QA,186.0,47
AT,LT,186.0,44
HK,TR,186.0,47
AR,RO,185.0,43
BM,CN,184.0,42
BM,GR,183.0,45
CR,IS,183.0,44
LB,PY,182.0,46
LT,MX,182.0,42
AE,KY,182.0,45
FI,QA,182.0,46
ES,SI,181.0,42
GR,ZA,181.0,41
NO,PT,181.0,41
CZ,SK,181.0,47
BE,HR,180.0,46
FI,GR,180.0,43
SA,UY,179.0,40
KY,PY,179.0,44
IS,MD,179.0,43
EG,JP,179.0,41
BG,PT,179.0,40
ES,PL,178.0,44
AE,SA,178.0,39
LT,RU,178.0,46
LI,UY,178.0,40
KY,PH,178.0,43
PL,VG,178.0,40
ES,PY,178.0,43
KR,SE,178.0,42
CL,TH,177.0,45
AE,NL,177.0,43
MU,PY,176.0,43
AU,LB,176.0,42
CO,CW,176.0,39
CY,CZ,176.0,44
KY,RS,176.0,43
PA,RS,176.0,50
FI,SK,176.0,43
HK,NO,176.0,42
AU,LV,175.0,44
LT,US,175.0,46
RU,UA,175.0,38
CZ,ID,175.0,45
GE,RS,175.0,45
LU,TR,175.0,44
CR,ES,175.0,41
CR,JP,175.0,41
CA,ID,175.0,45
RS,TR,174.0,45
IS,PT,174.0,40
IT,ZA,174.0,42
CZ,SG,174.0,45
AE,TZ,174.0,40
AE,CW,173.0,43
IL,PE,173.0,41
CH,CZ,173.0,43
CN,IL,173.0,44
EE,FR,172.0,44
MD,PL,172.0,41
LU,MT,172.0,46
SE,US,172.0,38
AR,MY,172.0,39
BE,IN,171.0,43
CR,SI,171.0,41
PE,PY,171.0,44
HK,LU,171.0,40
IS,LU,171.0,43
IN,MX,171.0,42
CL,TZ,171.0,41
MD,RS,171.0,45
AU,CY,170.0,45
CY,NZ,170.0,44
NL,UA,170.0,43
IL,JP,170.0,35
CZ,LI,170.0,39
HU,TR,170.0,39
CW,IE,170.0,43
CN,KZ,170.0,41
CR,KR,170.0,38
CL,GB,169.0,42
CN,RU,169.0,42
CR,SG,169.0,39
GE,VG,169.0,44
CO,TW,169.0,43
BE,ZA,169.0,40
CH,KY,168.0,38
FR,MU,168.0,38
LI,NZ,168.0,46
HK,PA,168.0,43
NO,QA,168.0,41
RO,ZA,168.0,45
KY,NO,168.0,38
US,ZA,168.0,39
BG,GR,168.0,44
JP,LI,168.0,42
FI,HU,168.0,42
MU,SG,168.0,40
ES,ZA,167.0,40
ID,LU,167.0,37
PE,TR,167.0,45
FR,PY,167.0,43
IT,MY,167.0,41
NL,SE,167.0,43
IE,LI,167.0,44
BG,BM,167.0,42
GR,IN,166.0,38
MT,SI,166.0,44
KR,TH,166.0,44
LU,NZ,166.0,38
EG,MX,166.0,38
LI,PL,166.0,36
GR,QA,166.0,37
IT,NO,166.0,41
CR,PH,166.0,41
GB,LI,166.0,43
TH,UA,165.0,43
IS,SG,165.0,45
ID,PE,165.0,41
CR,PA,165.0,38
SK,UY,165.0,41
TH,TR,165.0,40
BE,SK,165.0,39
AE,SI,165.0,40
TH,TW,165.0,45
GE,IE,165.0,44
CL,QA,165.0,38
KR,RS,165.0,38
PA,SK,164.0,45
IL,TR,164.0,39
MX,US,164.0,38
GE,PL,164.0,39
DE,GR,164.0,40
FI,MT,164.0,34
RO,SE,164.0,41
KR,SA,164.0,39
BM,ID,164.0,39
DK,TW,164.0,39
KZ,SE,163.0,37
AE,DE,163.0,38
CW,RS,163.0,39
BY,NL,163.0,42
CA,VG,163.0,40
ID,SA,163.0,41
GB,SE,163.0,43
CN,RS,163.0,40
MX,UA,163.0,40
CH,CR,163.0,43
DK,IN,163.0,38
AU,CZ,163.0,40
EE,NL,163.0,40
CR,NO,163.0,38
PL,UA,163.0,42
FI,HR,163.0,38
AT,IT,163.0,37
FR,PL,162.0,34
MX,SA,162.0,39
CN,TZ,162.0,41
PH,TZ,162.0,39
HR,SK,162.0,42
GR,KZ,162.0,40
PL,TH,162.0,42
IL,LT,162.0,46
CH,TW,162.0,40
BG,LU,162.0,41
CA,TW,162.0,41
ES,SA,161.0,46
CZ,NO,161.0,41
UA,UY,161.0,40
CU,PY,161.0,40
CN,GE,161.0,38
RO,SK,161.0,40
IN,TW,161.0,36
ES,QA,161.0,37
LT,MD,160.0,38
IE,IL,160.0,38
CY,MT,160.0,40
MT,TZ,160.0,42
BY,FI,160.0,40
CN,LT,160.0,37
IL,KY,160.0,41
CZ,UA,160.0,39
CO,LU,160.0,40
GB,PA,160.0,41
CO,UY,160.0,40
IE,SA,160.0,39
HR,LU,159.0,40
AE,EE,159.0,41
AE,PL,159.0,36
CW,EE,159.0,39
PL,RO,159.0,38
IT,PE,159.0,36
EE,LV,159.0,39
MX,NO,159.0,36
CY,FI,159.0,38
ID,QA,159.0,41
DE,ID,158.0,36
AT,GR,158.0,40
HU,LT,158.0,35
CR,TR,158.0,37
CZ,GE,158.0,39
MD,NZ,158.0,38
SG,TH,158.0,40
KR,PT,158.0,38
IE,VG,158.0,41
CR,LT,158.0,38
EE,ID,158.0,41
CU,TZ,158.0,39
CY,KZ,158.0,33
CY,NL,158.0,40
PA,UA,158.0,41
AT,QA,158.0,39
CH,SA,157.0,40
CH,UY,157.0,39
CO,GR,157.0,36
LU,PH,157.0,42
BG,HR,157.0,42
IE,SE,157.0,38
CY,SE,157.0,43
NZ,TH,157.0,37
AR,IE,157.0,36
LT,LU,157.0,37
TZ,UY,157.0,37
EG,SG,157.0,34
LI,SE,157.0,37
NZ,PL,157.0,39
EE,MD,157.0,34
SI,TW,157.0,41
AU,KY,157.0,39
BG,IN,157.0,40
RS,SK,156.0,37
BE,CR,156.0,39
EE,KR,156.0,37
EG,IL,156.0,40
EG,FR,156.0,38
IN,SA,156.0,35
CO,GB,156.0,38
ES,IT,156.0,36
BM,RS,156.0,43
AT,SA,156.0,37
CR,IL,156.0,41
CU,EG,156.0,37
HU,NO,156.0,38
BY,MX,156.0,40
CA,PH,156.0,40
FI,UY,156.0,37
ID,UA,155.0,37
LI,ZA,155.0,36
BG,UY,155.0,37
AE,GR,155.0,36
CH,IL,155.0,34
CH,JP,155.0,43
AU,PH,155.0,36
MX,PE,155.0,42
MT,TR,155.0,36
HK,TW,155.0,37
CH,IN,154.0,31
AR,BY,154.0,37
HK,SI,154.0,37
HK,PE,154.0,36
HK,KZ,154.0,39
BG,HU,154.0,40
PH,RO,154.0,39
CR,TZ,154.0,37
CR,UA,154.0,37
RS,RU,154.0,40
ES,LT,154.0,41
NL,SI,154.0,33
CZ,ES,154.0,40
QA,UA,154.0,38
CZ,SA,154.0,39
CA,SK,154.0,42
LU,PT,154.0,32
BY,NO,154.0,39
IL,IS,154.0,41
MT,MU,154.0,41
BE,PT,154.0,38
KR,PY,153.0,38
KR,MX,153.0,37
FR,TH,153.0,37
DE,SK,153.0,42
NL,PA,153.0,38
PH,SI,153.0,37
PL,PY,153.0,40
IT,JP,153.0,45
AT,CL,153.0,39
LT,UY,153.0,36
CL,SI,153.0,37
MX,PT,153.0,39
MT,PL,153.0,38
DE,IL,153.0,40
CL,TW,153.0,36
QA,SI,153.0,36
EG,IE,153.0,41
CN,SG,153.0,39
IE,PA,153.0,37
CO,CR,153.0,37
AE,TR,153.0,38
AU,NZ,153.0,41
BY,CO,152.0,42
UA,VG,152.0,39
FR,IN,152.0,37
EG,KZ,152.0,36
HR,MU,152.0,37
CY,HU,152.0,36
CO,MX,152.0,38
PA,RU,152.0,38
NZ,PE,152.0,39
CU,IN,152.0,38
LV,PT,152.0,37
BG,SI,152.0,39
BM,US,152.0,41
CY,MX,152.0,38
AR,PL,152.0,37
BG,CR,152.0,36
BG,CY,152.0,36
BG,CN,152.0,38
HK,IS,152.0,32
LB,ZA,152.0,35
LT,TW,151.0,34
IL,NO,151.0,40
SI,US,151.0,41
CO,SA,151.0,37
AR,LB,151.0,35
IN,MU,151.0,32
HR,NL,151.0,38
GR,IT,151.0,33
HK,PT,151.0,37
GR,SE,151.0,35
ID,UY,151.0,40
CA,NZ,151.0,35
BY,HU,151.0,36
DK,QA,151.0,38
EE,VG,151.0,39
HU,PA,151.0,38
BG,HK,151.0,34
ES,SE,151.0,39
QA,RO,151.0,36
CA,TR,151.0,37
MX,SK,151.0,40
KR,TW,151.0,36
QA,RU,151.0,40
GB,IS,151.0,39
CO,NL,150.0,36
CO,DK,150.0,38
GB,TR,150.0,38
CN,NL,150.0,41
CO,KZ,150.0,37
BE,TR,150.0,37
CH,SE,150.0,37
SK,TR,150.0,39
IS,PL,150.0,34
PT,SA,150.0,35
CN,VG,150.0,34
MT,PT,150.0,35
GB,PY,150.0,36
MU,RS,150.0,41
IE,UY,150.0,37
CH,HK,150.0,41
KR,RO,150.0,34
FI,TZ,150.0,42
IT,RO,150.0,36
DE,UA,150.0,38
QA,SK,150.0,35
LV,SE,150.0,37
AR,IN,150.0,38
GR,IS,150.0,35
BM,ES,150.0,39
MY,RO,150.0,35
MY,UY,150.0,42
CA,MD,150.0,38
BM,TH,150.0,36
EG,NZ,150.0,39
EE,NZ,149.0,37
BY,GB,149.0,37
CZ,MU,149.0,37
HR,MX,149.0,39
EG,SA,149.0,37
PH,TW,149.0,33
GR,US,149.0,36
NO,RO,149.0,36
RO,TW,149.0,37
AU,GR,149.0,35
FR,GR,149.0,36
MU,PE,149.0,36
HR,IN,149.0,38
BY,SE,149.0,39
PH,ZA,149.0,40
CY,FR,149.0,37
DE,KZ,149.0,40
CR,VG,149.0,37
AT,MX,149.0,37
DE,US,149.0,37
LU,PA,149.0,34
CH,RO,149.0,34
FI,MU,148.0,39
AT,MY,148.0,38
PL,RS,148.0,38
GB,LU,148.0,34
GB,LV,148.0,41
LB,US,148.0,40
BM,HR,148.0,35
PA,QA,148.0,39
PE,RS,148.0,36
IE,RO,148.0,37
EG,QA,148.0,36
CW,GB,148.0,39
CL,DK,148.0,42
AR,TW,148.0,38
TZ,VG,148.0,37
PT,ZA,148.0,39
TZ,ZA,148.0,38
AE,AT,148.0,38
CH,LV,148.0,40
ID,PH,148.0,37
CN,TW,148.0,35
CZ,PL,148.0,36
AT,SG,147.0,33
CW,PL,147.0,39
BY,FR,147.0,34
IE,SG,147.0,42
BY,VG,147.0,33
HR,JP,147.0,37
LB,QA,147.0,36
FI,PL,147.0,35
BG,LI,147.0,34
BM,DK,147.0,39
EG,TH,147.0,33
CL,KZ,147.0,39
AR,BG,147.0,33
BE,UA,147.0,35
BE,SA,147.0,36
IL,US,147.0,35
IL,SI,147.0,34
ID,RU,147.0,40
NZ,UY,147.0,36
GE,MX,147.0,35
BM,GE,147.0,37
BG,DK,147.0,37
KZ,TR,147.0,41
FI,HK,146.0,39
CN,MX,146.0,41
FR,SG,146.0,39
IE,PH,146.0,36
EG,IS,146.0,37
CO,TZ,146.0,35
BE,GB,146.0,37
CA,HU,146.0,35
NZ,ZA,146.0,34
CA,DE,146.0,41
SE,SK,146.0,41
HK,TH,146.0,37
CR,TW,146.0,40
AR,EE,146.0,34
CZ,SE,146.0,37
BE,RU,146.0,33
AE,LV,146.0,40
ES,RS,146.0,33
BG,MX,146.0,42
MX,UY,146.0,37
HU,NZ,146.0,34
MX,TR,146.0,35
KY,SI,146.0,38
AU,IT,146.0,32
CH,MT,146.0,38
FI,JP,146.0,37
CY,US,146.0,41
MY,TW,146.0,40
IE,PL,146.0,41
ID,MY,145.0,36
DK,HU,145.0,34
BE,GE,145.0,40
CO,PY,145.0,36
DK,IT,145.0,37
AE,PH,145.0,38
IS,MT,145.0,34
PH,QA,145.0,38
BG,NO,145.0,35
MX,RU,145.0,35
LV,MT,145.0,36
AE,UA,145.0,35
FR,SE,145.0,39
RU,SA,145.0,40
AU,RS,145.0,40
GR,TZ,145.0,33
BM,LI,145.0,38
RS,SE,145.0,35
GR,IL,145.0,37
CU,JP,145.0,37
CA,KY,145.0,35
CA,IE,145.0,36
PH,VG,145.0,35
IN,IS,145.0,36
MU,US,145.0,33
BY,SI,145.0,36
BY,IL,145.0,37
BG,MD,145.0,34
HR,MT,145.0,33
CY,HR,145.0,32
LU,SI,145.0,35
AR,KZ,145.0,35
KR,QA,145.0,36
ID,SG,145.0,32
ID,PL,145.0,37
CH,PA,144.0,37
SI,UY,144.0,37
BM,NO,144.0,35
CL,IN,144.0,35
BE,PY,144.0,35
BE,FR,144.0,39
SE,UA,144.0,37
SI,UA,144.0,36
IN,LI,144.0,34
TW,UY,144.0,35
CR,LB,144.0,34
AE,TH,144.0,36
HU,SK,144.0,36
CR,ID,144.0,35
KY,MX,144.0,34
FR,ZA,144.0,38
FR,HU,144.0,35
HR,KY,144.0,36
AT,FR,144.0,32
AR,ZA,144.0,36
IT,TW,144.0,37
CL,SG,144.0,33
NL,QA,144.0,33
CZ,UY,144.0,35
HK,ID,144.0,33
LI,SI,144.0,34
CA,IN,144.0,37
LT,MT,144.0,34
PE,RU,144.0,35
SE,TR,144.0,35
CH,EG,144.0,36
HK,NZ,144.0,35
CW,NL,143.0,36
IS,MX,143.0,36
AU,IE,143.0,32
CH,NZ,143.0,32
FR,KY,143.0,40
CA,RO,143.0,37
AR,PY,143.0,35
JP,SI,143.0,35
KZ,PH,143.0,35
IL,NZ,143.0,35
HU,LB,143.0,39
AT,DK,143.0,34
IE,TZ,143.0,38
HU,KY,143.0,38
LT,NZ,143.0,40
PA,ZA,143.0,43
CA,EE,143.0,32
NO,VG,143.0,35
EE,SA,143.0,35
CO,CU,143.0,30
FR,QA,143.0,36
LI,SA,143.0,36
CU,FI,143.0,37
FI,TW,143.0,31
ID,JP,143.0,39
MY,NZ,143.0,34
PL,TR,143.0,37
PL,SK,143.0,35
AR,HK,143.0,35
MY,VG,143.0,40
AR,SE,142.0,36
IE,MD,142.0,37
AE,HR,142.0,37
IN,JP,142.0,35
NO,PE,142.0,39
GR,ID,142.0,33
BM,GB,142.0,39
ES,IL,142.0,31
IS,PE,142.0,38
LI,RU,142.0,33
CO,LV,142.0,33
BE,RO,142.0,36
AT,HK,142.0,35
RO,SA,142.0,37
CN,DK,142.0,35
AR,QA,142.0,40
NL,NZ,142.0,38
AR,KY,142.0,40
GB,IN,142.0,35
ID,TH,142.0,35
IT,SI,142.0,37
AT,LU,142.0,36
MY,NO,142.0,39
MU,SI,142.0,28
AT,TZ,142.0,36
CN,SI,142.0,36
DE,IE,142.0,33
CL,MT,142.0,36
EG,UY,142.0,35
IN,RO,142.0,33
FR,JP,142.0,35
PY,SA,142.0,37
AE,IE,142.0,33
AE,DK,142.0,33
BE,LI,142.0,34
KY,UY,142.0,32
AE,ZA,141.0,33
KZ,TW,141.0,38
JP,TW,141.0,40
HU,MT,141.0,36
CL,UY,141.0,34
AT,VG,141.0,33
CH,MD,141.0,37
AE,NO,141.0,34
CO,EG,141.0,36
CH,SG,141.0,40
MY,ZA,141.0,35
CU,LU,141.0,33
LV,PA,141.0,36
NO,UA,141.0,36
CL,FR,141.0,32
DK,SE,141.0,35
NZ,TW,141.0,34
CU,KR,141.0,37
CN,NO,141.0,37
PY,TZ,141.0,36
FI,KZ,141.0,37
IN,PT,141.0,38
MT,RO,141.0,34
IE,MT,141.0,35
EG,LT,141.0,39
CO,GE,141.0,36
PA,SG,141.0,35
HK,IN,141.0,34
BM,FR,141.0,33
AT,GB,141.0,36
IT,UY,141.0,34
PY,SG,141.0,37
BY,TZ,141.0,38
BY,MU,141.0,35
FI,SI,140.0,38
DE,LV,140.0,38
LU,SG,140.0,36
BY,GE,140.0,34
LB,SA,140.0,32
LB,RS,140.0,36
IE,TR,140.0,37
EE,GR,140.0,33
IL,LU,140.0,35
AT,CY,140.0,34
EG,PY,140.0,36
PA,PH,140.0,37
GR,NO,140.0,33
HK,PY,140.0,36
HK,MY,140.0,35
PA,TZ,140.0,36
EG,MT,140.0,32
BE,CO,140.0,33
RO,US,140.0,35
RS,US,140.0,38
CL,PL,140.0,33
BG,KZ,140.0,35
CH,VG,140.0,34
AT,US,140.0,38
DE,HK,140.0,33
GB,SG,140.0,32
BE,IL,140.0,38
IL,PA,140.0,34
KZ,MD,140.0,35
BY,CH,140.0,39
FR,UA,140.0,37
CW,UA,140.0,35
CW,MY,140.0,36
CY,NO,140.0,35
KR,ZA,140.0,36
KR,LT,140.0,34
LT,SK,140.0,38
LB,SE,139.0,38
CW,KZ,139.0,35
KY,MT,139.0,33
CA,LV,139.0,35
DE,KY,139.0,38
QA,SE,139.0,34
CZ,RO,139.0,35
MD,NO,139.0,41
MU,NO,139.0,34
CR,GB,139.0,37
CR,EG,139.0,34
LU,TH,139.0,40
TH,UY,139.0,36
CL,RS,139.0,35
NO,TR,139.0,35
NZ,RS,139.0,31
KR,LU,139.0,35
BY,HR,139.0,37
CN,UY,139.0,35
CU,MX,139.0,39
ES,GR,139.0,35
JP,MY,139.0,32
PA,RO,139.0,36
CH,ID,139.0,35
GR,SK,139.0,35
HK,IL,139.0,33
BM,CY,139.0,33
CW,ZA,139.0,38
AU,MT,139.0,33
BM,RO,139.0,34
BM,SK,139.0,33
CO,CZ,139.0,32
CO,MY,139.0,39
MT,QA,139.0,32
EE,US,139.0,34
EE,PY,138.0,37
HR,PH,138.0,37
HR,SA,138.0,33
CW,DE,138.0,36
KY,PL,138.0,36
SK,TH,138.0,30
LV,PL,138.0,36
SE,SI,138.0,32
CZ,LB,138.0,32
GE,MT,138.0,32
BG,GE,138.0,34
CN,ID,138.0,35
AU,PE,138.0,37
CN,TR,138.0,35
CO,UA,138.0,35
CO,PA,138.0,33
BY,CN,138.0,39
CW,MX,138.0,34
HU,IS,138.0,31
IS,TZ,138.0,33
HU,IN,138.0,35
PY,RU,138.0,32
MU,SK,138.0,35
DK,PA,138.0,33
DE,TR,138.0,33
RO,UA,138.0,34
IS,US,138.0,36
NL,TR,138.0,37
LI,MY,138.0,34
CU,QA,138.0,35
IT,PH,138.0,34
JP,PT,138.0,37
CA,US,138.0,34
BY,ES,138.0,35
AE,FR,138.0,39
AU,GE,138.0,33
CZ,VG,137.0,35
DE,GB,137.0,34
LI,PT,137.0,39
BM,FI,137.0,36
KR,LV,137.0,31
AR,SI,137.0,31
CY,LV,137.0,36
GR,TH,137.0,35
BY,PA,137.0,31
PL,SI,137.0,28
IS,RO,137.0,35
LU,MX,137.0,34
ID,IT,137.0,36
PA,PL,137.0,30
CN,MY,137.0,33
PY,UA,137.0,36
MD,UY,137.0,33
KY,LT,137.0,32
DK,UA,137.0,34
CH,LT,137.0,36
IS,PY,137.0,37
KR,TR,137.0,32
GE,ID,137.0,36
EE,LB,137.0,34
FR,HK,137.0,34
CZ,FR,137.0,34
LT,QA,137.0,36
GR,JP,137.0,34
CW,SI,137.0,29
HK,MX,137.0,37
GB,MT,137.0,37
HU,TZ,137.0,33
EG,LV,137.0,34
GB,MU,137.0,40
CH,FR,137.0,37
AT,MD,136.0,31
HU,NL,136.0,33
HU,TW,136.0,32
AU,SA,136.0,36
BM,RU,136.0,33
GE,NL,136.0,34
CW,SK,136.0,33
PE,SK,136.0,35
GE,MY,136.0,40
CZ,NZ,136.0,35
FI,IS,136.0,35
IN,NL,136.0,33
FR,ID,136.0,33
BY,KR,136.0,39
DK,GB,136.0,33
CN,IS,136.0,36
HK,UY,136.0,33
BE,HU,136.0,36
AR,MU,136.0,38
CO,JP,136.0,32
PY,TR,136.0,32
FR,SI,136.0,37
BM,SI,136.0,34
UY,ZA,136.0,35
AE,CU,136.0,34
PT,RU,136.0,36
IE,LB,136.0,32
PT,RS,136.0,36
AE,US,136.0,34
HR,LV,136.0,33
IL,LB,136.0,34
AU,HU,136.0,36
DE,RO,136.0,32
CU,IT,136.0,35
JP,SA,136.0,38
NL,SK,136.0,33
NL,VG,136.0,35
BY,IT,136.0,33
BY,LV,136.0,36
KY,LV,136.0,34
CL,LU,136.0,34
AT,UA,136.0,34
FI,US,136.0,35
NL,RS,136.0,40
AT,IN,136.0,32
AT,NL,136.0,35
LT,NL,136.0,34
RS,TW,136.0,37
CN,PY,136.0,33
KR,PE,135.0,34
AT,NO,135.0,35
CY,SK,135.0,36
KR,TZ,135.0,33
AR,UA,135.0,35
LU,NO,135.0,32
CH,RU,135.0,34
CH,KZ,135.0,33
CU,VG,135.0,31
BM,PE,135.0,35
AU,MX,135.0,35
ID,MD,135.0,36
GB,RU,135.0,33
BE,LU,135.0,34
IT,SG,135.0,40
CO,IT,135.0,29
EG,PL,135.0,30
HU,RS,135.0,32
DK,NL,135.0,33
SE,UY,135.0,34
CH,MX,135.0,31
EG,HU,135.0,39
PH,PL,135.0,32
PT,TH,135.0,34
CL,PE,135.0,35
MX,SG,135.0,34
CA,CU,135.0,33
AT,PL,135.0,36
MD,MT,135.0,32
LU,UY,135.0,37
BM,ZA,135.0,34
GR,SI,135.0,38
CA,CL,135.0,37
IE,US,135.0,32
BY,CY,134.0,33
ID,RO,134.0,36
HK,US,134.0,36
IS,NO,134.0,37
IS,KZ,134.0,37
ID,ZA,134.0,32
AU,SK,134.0,34
AE,QA,134.0,41
CH,UA,134.0,37
IT,LU,134.0,30
KZ,UA,134.0,34
BY,LT,134.0,34
KR,UA,134.0,35
CA,PY,134.0,32
CU,LB,134.0,34
CR,FR,134.0,33
QA,SA,134.0,28
HK,QA,134.0,34
LI,NO,134.0,34
IT,PA,134.0,34
LU,LV,134.0,34
DK,PY,134.0,35
GB,ZA,134.0,30
JP,MU,134.0,38
BG,TZ,134.0,35
LB,TR,134.0,36
GR,UY,134.0,41
TW,US,134.0,34
GB,UA,134.0,30
IL,MU,134.0,30
CA,CR,134.0,34
CA,SG,134.0,35
EE,PE,133.0,35
EE,UA,133.0,34
EG,HK,133.0,39
EE,MU,133.0,33
EG,ID,133.0,29
KY,LI,133.0,38
JP,TZ,133.0,35
FI,IT,133.0,31
SG,SI,133.0,32
SA,TR,133.0,33
DK,HR,133.0,36
GE,PE,133.0,32
GB,QA,133.0,33
BE,DE,133.0,34
CO,LB,133.0,31
BE,SE,133.0,31
UA,ZA,133.0,35
EG,KY,133.0,35
EG,TW,133.0,31
EE,RO,133.0,34
IL,TH,133.0,34
LV,MX,133.0,34
CZ,DK,133.0,35
CY,EG,133.0,33
DE,UY,133.0,34
ES,LI,133.0,33
MU,SE,133.0,37
ES,UA,133.0,31
BM,UY,133.0,28
CA,LU,133.0,30
CL,US,133.0,32
RO,RU,133.0,38
AT,MU,133.0,34
SA,SI,133.0,32
AE,RO,133.0,33
FR,KR,133.0,34
BE,KR,133.0,33
KZ,PL,133.0,35
AR,AT,132.0,36
CH,ZA,132.0,30
KY,TH,132.0,34
AE,VG,132.0,34
KZ,LU,132.0,34
GE,IL,132.0,31
BE,MT,132.0,33
CO,SK,132.0,34
HR,IE,132.0,34
AU,FR,132.0,30
CY,LB,132.0,34
HR,LB,132.0,36
HR,ID,132.0,34
MT,SA,132.0,35
BY,KZ,132.0,35
HU,LI,132.0,34
BY,TW,132.0,33
BG,SA,132.0,32
HU,UA,132.0,31
LV,PY,132.0,34
BG,SE,132.0,36
AT,KR,132.0,31
MX,SE,132.0,32
CN,DE,132.0,29
QA,RS,132.0,33
AE,CZ,132.0,31
PE,QA,132.0,30
CU,UA,132.0,34
AU,RO,132.0,31
CU,SI,132.0,35
HK,PL,132.0,33
FI,MY,132.0,31
JP,KY,132.0,35
BE,HK,132.0,33
AR,SA,132.0,33
CN,UA,132.0,35
AR,RU,132.0,35
HR,NO,132.0,32
IL,MY,132.0,33
UY,VG,132.0,33
LI,LV,132.0,33
CW,PH,132.0,34
CN,ES,132.0,33
ID,TW,132.0,32
CA,DK,132.0,33
NL,TW,132.0,32
NL,US,132.0,35
BM,LU,132.0,32
LB,VG,132.0,31
NZ,PA,132.0,31
CU,TH,132.0,30
ES,HU,132.0,36
CL,FI,132.0,36
KR,RU,131.0,36
CL,SA,131.0,39
DK,KZ,131.0,27
IT,MX,131.0,33
KZ,LI,131.0,35
CA,CH,131.0,34
AU,IL,131.0,30
PT,SE,131.0,32
EE,QA,131.0,32
TZ,US,131.0,34
AU,PY,131.0,35
HK,SA,131.0,35
BG,CZ,131.0,32
ID,MU,131.0,35
EG,ES,131.0,33
FR,PH,131.0,36
AT,CA,131.0,33
CZ,PA,131.0,31
CZ,NL,131.0,31
DK,GR,131.0,30
DK,RU,131.0,33
MD,TH,131.0,34
IT,SE,131.0,37
HU,SA,131.0,38
IN,SK,131.0,37
LV,SA,131.0,34
CN,CU,131.0,29
CL,MY,131.0,35
NO,PY,131.0,33
CL,MX,131.0,34
LV,NO,131.0,32
NZ,TZ,131.0,32
MX,TH,131.0,33
FI,PY,131.0,31
CU,IE,131.0,31
CL,MD,131.0,32
CR,CY,131.0,37
CU,GE,131.0,32
NZ,RU,131.0,35
CU,TR,131.0,32
MT,TW,131.0,31
PH,US,131.0,35
MY,RS,131.0,30
FR,IT,131.0,32
HU,LV,131.0,35
CA,GE,131.0,35
GR,MU,131.0,31
NO,TW,131.0,35
CW,TZ,131.0,30
CR,PE,131.0,37
KY,QA,131.0,30
IN,QA,131.0,33
LB,RU,130.0,34
AT,BM,130.0,30
GB,TW,130.0,35
MT,UA,130.0,28
CL,NL,130.0,30
CL,NO,130.0,33
CL,RO,130.0,33
CL,LB,130.0,30
HU,IE,130.0,33
HR,TZ,130.0,31
AE,KZ,130.0,30
AU,QA,130.0,32
EE,GE,130.0,32
AT,CN,130.0,38
CN,CO,130.0,35
CY,DE,130.0,33
RO,RS,130.0,33
FI,PA,130.0,32
GE,UA,130.0,31
LT,PL,130.0,32
AE,AU,130.0,31
AE,MD,130.0,29
KY,NL,130.0,32
SG,VG,130.0,35
MD,RO,130.0,31
BE,TZ,130.0,31
BM,PY,130.0,34
GB,PT,130.0,32
BY,CW,130.0,33
PY,SI,130.0,29
EG,PH,130.0,33
SE,TZ,130.0,37
FI,MX,130.0,34
LV,RU,130.0,34
IT,PT,130.0,30
CU,UY,130.0,37
RU,VG,130.0,36
DE,TW,130.0,32
ES,MD,130.0,35
CU,GB,130.0,31
IN,VG,130.0,33
IS,IT,130.0,32
GB,RO,130.0,30
HR,RO,130.0,32
CA,SI,130.0,35
CO,HK,130.0,29
NL,PT,130.0,32
AE,HU,129.0,30
CW,LI,129.0,29
IE,MU,129.0,32
CW,KY,129.0,30
IE,PY,129.0,34
AU,DE,129.0,33
AT,SK,129.0,34
IL,KR,129.0,33
LT,PT,129.0,32
HU,IL,129.0,32
CA,MU,129.0,32
IT,MD,129.0,29
GB,HR,129.0,32
PH,PT,129.0,32
KZ,LT,129.0,29
HK,UA,129.0,34
IT,KZ,129.0,32
CU,IL,129.0,31
LI,TH,129.0,31
CR,GE,129.0,37
CU,RS,129.0,33
IS,MU,129.0,35
CZ,IL,129.0,33
CN,LB,129.0,35
CN,LU,129.0,36
LV,UY,129.0,34
NO,SE,129.0,32
CU,FR,129.0,34
BM,TZ,129.0,36
CZ,HR,129.0,39
AR,NO,129.0,33
SE,SG,129.0,32
BY,DK,129.0,34
LB,TZ,129.0,32
MD,TR,129.0,29
HR,PT,129.0,33
AE,SE,129.0,31
EE,TZ,128.0,33
DK,MD,128.0,37
ES,MY,128.0,35
DE,MY,128.0,32
AR,GE,128.0,35
DE,TZ,128.0,33
IN,TH,128.0,31
CA,KZ,128.0,33
AT,CO,128.0,31
AT,SE,128.0,36
CZ,QA,128.0,35
PY,TH,128.0,30
CL,HR,128.0,32
CL,NZ,128.0,32
KR,SK,128.0,33
BM,IT,128.0,32
BM,CZ,128.0,34
BM,CW,128.0,37
BM,NL,128.0,39
GR,LT,128.0,36
LI,SG,128.0,32
AO,RS,128.0,26
CA,QA,128.0,37
IS,RS,128.0,30
PA,US,128.0,34
CW,TH,128.0,30
FR,TR,128.0,33
CU,PE,128.0,33
CW,HK,128.0,31
CU,ID,128.0,28
AU,TH,128.0,35
CL,VG,128.0,34
CY,PL,128.0,32
CY,MU,128.0,32
PH,SE,128.0,33
LV,TW,128.0,36
LT,PH,128.0,33
GE,ZA,128.0,30
JP,PA,128.0,34
AE,ID,128.0,35
CR,KY,128.0,33
SA,VG,128.0,30
AE,MT,128.0,31
KZ,MY,128.0,30
EE,TW,128.0,34
CH,PH,128.0,34
HK,ZA,128.0,31
CO,LT,128.0,35
CR,PT,128.0,32
DK,JP,128.0,33
SI,TH,128.0,32
CR,MD,128.0,29
FI,RS,127.0,34
AT,RS,127.0,31
BY,TR,127.0,38
DE,RU,127.0,33
AE,CO,127.0,32
AT,SI,127.0,33
AT,CW,127.0,34
HK,KR,127.0,34
BM,IN,127.0,39
BM,MD,127.0,33
LI,MD,127.0,34
CL,RU,127.0,30
AR,MT,127.0,35
DK,FI,127.0,37
DE,PY,127.0,30
BM,KR,127.0,30
GR,HK,127.0,34
LI,VG,127.0,35
CW,PE,127.0,36
MY,UA,127.0,38
MY,SE,127.0,30
MX,TZ,127.0,32
MX,ZA,127.0,32
GB,GE,127.0,31
GB,IL,127.0,33
CW,FI,127.0,35
CW,EG,127.0,32
BG,RU,127.0,31
LV,US,127.0,36
ID,KW,127.0,28
CY,GR,127.0,32
CW,JP,127.0,35
LV,QA,127.0,32
GB,PE,127.0,32
ID,RS,127.0,34
SM,TH,127.0,33
EE,UY,127.0,33
AE,CH,127.0,32
IN,LV,127.0,30
BG,EG,127.0,33
IN,NO,127.0,28
GE,IS,127.0,33
IT,TH,127.0,32
CR,RU,127.0,39
KZ,SA,127.0,34
ES,IE,127.0,30
IL,IN,127.0,34
SA,SG,127.0,30
CH,DE,127.0,33
TH,VG,127.0,31
EE,IE,127.0,37
LB,NO,126.0,34
CH,NL,126.0,30
KY,US,126.0,30
BM,PL,126.0,31
DE,VG,126.0,32
HR,SE,126.0,29
BM,SA,126.0,37
SG,TW,126.0,34
SG,ZA,126.0,31
EG,PE,126.0,38
SG,UY,126.0,33
CN,IE,126.0,32
CO,HR,126.0,31
IL,PY,126.0,31
SK,VG,126.0,32
MT,MY,126.0,30
GE,IT,126.0,26
HU,PE,126.0,37
CW,SA,126.0,31
MY,PH,126.0,28
NL,RU,126.0,34
CU,KZ,126.0,30
CA,MX,126.0,39
MY,NL,126.0,37
CR,LV,126.0,31
MU,TW,126.0,32
JP,LB,126.0,29
HK,MD,126.0,34
CW,RO,126.0,31
IS,PH,126.0,30
AU,SE,126.0,33
FI,TR,126.0,32
BG,MY,126.0,36
IS,KR,126.0,29
IS,JP,126.0,33
DE,SA,126.0,36
AR,IT,126.0,30
BY,MY,126.0,33
AT,FI,126.0,32
DE,IT,126.0,30
ES,SK,126.0,31
CL,EE,126.0,33
HK,LB,126.0,34
MD,PH,125.0,34
GE,RU,125.0,35
CW,IT,125.0,28
GE,SA,125.0,32
CN,CY,125.0,30
GB,JP,125.0,33
GE,LT,125.0,32
SI,SK,125.0,32
DK,HK,125.0,30
EG,LI,125.0,33
TR,VG,125.0,28
CN,HK,125.0,31
EE,HR,125.0,31
US,VG,125.0,35
HK,LT,125.0,30
BG,ES,125.0,32
BM,CU,125.0,30
PT,SK,125.0,28
GR,TW,125.0,34
PL,SG,125.0,32
PL,ZA,125.0,32
FI,IE,125.0,35
CZ,HK,125.0,36
LI,TW,125.0,35
DE,GE,125.0,27
AR,ID,125.0,33
ES,LU,125.0,28
DE,MD,125.0,33
AR,LT,125.0,31
LT,PY,125.0,38
HR,ZA,125.0,32
AR,VG,125.0,30
CN,GR,125.0,37
BG,IT,125.0,29
BG,UA,125.0,33
ID,LB,125.0,32
CY,VG,125.0,35
JP,US,125.0,28
GE,SK,125.0,30
LV,NZ,125.0,33
CY,MY,125.0,33
GB,IE,125.0,33
NZ,SE,125.0,29
NO,TH,125.0,33
CU,CW,125.0,33
MU,ZA,125.0,31
CU,EE,125.0,35
MT,RU,125.0,33
GE,TR,125.0,34
KR,MD,125.0,33
PL,RU,125.0,33
CR,CZ,125.0,35
IL,KZ,124.0,28
CA,CZ,124.0,36
ES,PT,124.0,32
DE,SE,124.0,32
CZ,MX,124.0,32
CY,HK,124.0,29
CZ,EG,124.0,30
CZ,EE,124.0,33
AT,PY,124.0,35
CN,JP,124.0,33
PT,US,124.0,32
BY,LU,124.0,32
DK,SG,124.0,31
BM,IE,124.0,31
HR,IS,124.0,29
LB,PH,124.0,28
AE,EG,124.0,34
KY,PA,124.0,29
LB,LT,124.0,31
CO,SI,124.0,36
MD,SA,124.0,33
SI,TZ,124.0,33
GE,HU,124.0,30
AR,BM,124.0,34
IN,NZ,124.0,33
BE,CH,124.0,31
EE,IN,124.0,31
CO,IN,124.0,35
CZ,TZ,124.0,30
GR,RU,124.0,31
CL,IT,124.0,33
NO,PL,124.0,34
CR,SK,124.0,35
MU,VG,124.0,27
GE,SI,124.0,31
HU,SI,124.0,29
GE,PT,124.0,29
FR,NZ,124.0,29
AU,PT,124.0,30
KR,KZ,124.0,31
PA,SA,124.0,34
CN,EE,124.0,29
CY,PY,124.0,33
CA,CW,124.0,29
PH,UA,124.0,29
CU,LI,124.0,31
IS,VG,124.0,33
IE,LV,124.0,30
EG,KR,123.0,31
BY,PT,123.0,30
RS,VG,123.0,35
MO,PY,123.0,30
HK,VG,123.0,30
CH,NO,123.0,32
AE,JP,123.0,33
CH,TH,123.0,33
CH,EE,123.0,30
RS,UY,123.0,34
ES,IN,123.0,33
KZ,PE,123.0,33
CO,PE,123.0,32
MT,PE,123.0,35
BG,GB,123.0,31
AU,UY,123.0,29
PA,TW,123.0,37
GE,US,123.0,34
MU,MY,123.0,34
CU,CZ,123.0,31
MT,RS,123.0,33
ID,MX,123.0,32
JP,LU,123.0,33
CR,TH,123.0,32
CA,UY,123.0,31
IT,KY,123.0,32
CU,SG,123.0,32
CU,TW,123.0,30
BG,SG,123.0,34
IE,IT,123.0,30
CA,JP,123.0,30
CA,LI,123.0,32
BG,IS,123.0,32
FI,NL,123.0,32
AU,FI,123.0,28
CZ,KR,123.0,29
CL,GR,123.0,31
HU,JP,123.0,32
BM,CL,123.0,31
BM,HU,123.0,30
LB,SK,123.0,33
AR,CZ,123.0,34
BY,JP,123.0,32
ES,MX,123.0,33
AE,CL,122.0,34
AE,BM,122.0,29
TW,UA,122.0,31
AE,CY,122.0,32
TH,TZ,122.0,32
AU,UA,122.0,33
PA,UY,122.0,34
CR,HK,122.0,31
GB,MX,122.0,31
MY,SK,122.0,32
DK,KR,122.0,32
BM,JP,122.0,28
GE,KR,122.0,29
CN,QA,122.0,31
GE,QA,122.0,30
RO,UY,122.0,28
EG,SI,122.0,29
IS,NZ,122.0,28
BY,CU,122.0,33
BY,MD,122.0,31
SK,UA,122.0,32
IL,SK,122.0,27
GE,HR,122.0,31
CZ,SI,122.0,31
CO,ID,122.0,30
GR,RS,122.0,33
CN,EG,122.0,32
EE,IT,122.0,29
LU,QA,122.0,31
AE,IL,122.0,31
EE,FI,122.0,26
BY,PE,122.0,34
CN,MD,122.0,27
FR,MX,122.0,34
CU,DK,122.0,28
BE,CY,122.0,31
KZ,US,122.0,32
CZ,GB,122.0,32
FR,MD,122.0,32
GB,PL,122.0,33
AR,JP,122.0,32
ID,KY,122.0,29
SK,US,122.0,29
IT,SK,122.0,34
HU,LU,122.0,28
PL,PT,122.0,32
CY,PT,122.0,32
AU,MD,122.0,32
CY,KY,122.0,30
LB,UY,122.0,36
AU,CH,122.0,29
DK,RO,122.0,31
LU,PL,122.0,30
EG,FI,121.0,25
CL,KY,121.0,34
LT,NO,121.0,32
LT,TR,121.0,29
DK,RS,121.0,32
LT,PA,121.0,33
CW,HR,121.0,32
EE,SK,121.0,31
AE,AR,121.0,29
NO,SG,121.0,32
BY,RO,121.0,33
CH,SK,121.0,29
CL,EG,121.0,31
DE,SG,121.0,33
PL,TZ,121.0,28
AT,GE,121.0,30
CR,PY,121.0,34
CW,TW,121.0,32
AU,MU,121.0,29
CW,RU,121.0,29
HR,UA,121.0,34
NO,SA,121.0,28
CH,IS,121.0,30
GE,PA,121.0,30
CG,EG,121.0,29
IL,IT,121.0,34
RS,TZ,121.0,30
IE,SK,121.0,34
ES,HK,121.0,28
MY,PE,121.0,33
HU,MD,121.0,33
BM,SE,121.0,30
CY,LU,121.0,31
JP,TR,121.0,31
AT,RU,121.0,32
CU,CY,121.0,33
KZ,RS,121.0,30
SK,TW,121.0,34
IE,PT,121.0,29
LT,TH,121.0,31
HU,PH,121.0,32
FR,IE,121.0,35
IL,UY,121.0,30
CY,RO,121.0,28
DE,PH,121.0,31
DE,PL,121.0,32
CU,SK,120.0,33
FR,RU,120.0,32
KY,SK,120.0,31
HR,SI,120.0,33
NO,TZ,120.0,32
TR,UY,120.0,34
BY,QA,120.0,30
RO,SG,120.0,29
QA,TR,120.0,31
CA,PA,120.0,27
IE,IS,120.0,29
ES,IS,120.0,29
ES,MU,120.0,31
CH,IT,120.0,34
CA,HK,120.0,33
BG,JP,120.0,32
CY,SI,120.0,34
CY,UY,120.0,28
CZ,IS,120.0,34
LB,SG,120.0,30
LB,MT,120.0,28
KZ,NL,120.0,36
AU,NO,120.0,32
FR,MY,120.0,32
HU,ID,120.0,33
DK,NO,120.0,33
RU,SI,120.0,30
IE,LT,120.0,31
BG,LV,120.0,25
AR,MD,120.0,33
ES,UY,120.0,27
CY,PE,120.0,30
HK,MT,120.0,29
BE,IE,120.0,35
BE,PE,120.0,30
CO,KR,120.0,31
HU,SE,120.0,32
CY,DK,120.0,32
AU,KR,120.0,28
IN,LT,120.0,25
GR,MT,120.0,27
EG,RS,120.0,28
BY,PL,120.0,29
EG,RO,120.0,31
BG,PE,120.0,33
DK,PE,120.0,31
LU,US,120.0,29
AE,PT,120.0,34
EG,IT,119.0,35
BG,NZ,119.0,31
VG,ZA,119.0,28
BM,HK,119.0,33
BG,PH,119.0,32
CL,CU,119.0,31
DK,IS,119.0,31
BE,TH,119.0,26
AE,UY,119.0,28
CO,IE,119.0,33
MD,SG,119.0,34
JP,TH,119.0,29
CA,IL,119.0,32
ES,KR,119.0,30
RS,SG,119.0,32
IL,NL,119.0,29
IN,MD,119.0,29
MX,QA,119.0,30
MY,PY,119.0,30
FR,UY,119.0,32
KY,VG,119.0,33
CN,IN,119.0,28
ES,TR,119.0,30
MD,PE,119.0,31
CN,PA,119.0,33
BM,MT,119.0,33
CW,ID,119.0,28
LB,PA,119.0,31
CR,LI,119.0,33
CR,NL,119.0,29
AU,NL,119.0,28
PA,TR,119.0,29
AU,PA,119.0,30
AT,BY,119.0,35
GB,LB,119.0,31
HU,UY,119.0,27
PY,VG,119.0,28
AU,CL,119.0,31
HU,US,119.0,30
DE,LU,119.0,28
FI,LB,119.0,32
AU,CA,119.0,30
AU,TZ,119.0,30
FR,HR,119.0,32
AU,IN,119.0,33
CY,KR,119.0,31
CW,SE,119.0,36
JP,KZ,119.0,33
FI,TH,119.0,34
AE,SG,119.0,31
HR,RS,119.0,29
NZ,PY,119.0,29
CW,HU,118.0,31
EE,LU,118.0,28
KY,TZ,118.0,28
KZ,SI,118.0,32
GR,LV,118.0,29
CN,PT,118.0,30
FR,SA,118.0,31
TH,ZA,118.0,28
IN,KZ,118.0,31
CA,LT,118.0,26
BG,TH,118.0,30
DK,LT,118.0,34
BG,FR,118.0,27
PE,RO,118.0,28
NO,PA,118.0,31
MY,PL,118.0,29
GE,MA,118.0,27
BG,TW,118.0,31
GE,PY,118.0,30
HR,US,118.0,30
CW,MU,118.0,29
CN,FI,118.0,32
IE,QA,118.0,34
LT,SG,118.0,34
RU,ZA,118.0,30
BM,SG,118.0,30
KR,LI,118.0,26
AT,BG,118.0,27
BY,US,118.0,31
GE,UY,118.0,33
RU,UY,118.0,32
DK,IL,118.0,32
AT,TH,118.0,27
AT,KZ,118.0,29
MT,UY,118.0,30
KR,VG,118.0,29
IT,UA,118.0,33
PY,TW,118.0,33
HK,LV,118.0,35
CO,TR,118.0,33
NL,TZ,117.0,30
AE,CN,117.0,30
US,UY,117.0,30
LI,PE,117.0,28
IS,LT,117.0,27
SA,SK,117.0,33
SA,TH,117.0,30
BG,VG,117.0,28
MD,SI,117.0,30
MD,UA,117.0,31
BE,KY,117.0,33
HK,RO,117.0,30
JP,PL,117.0,27
IN,US,117.0,30
IN,TZ,117.0,29
GE,IN,117.0,29
KZ,MT,117.0,30
EG,SE,117.0,28
LB,LI,117.0,30
AU,US,117.0,28
GR,PE,117.0,28
IN,KY,117.0,32
CU,PA,117.0,33
RS,UA,117.0,32
RU,TR,117.0,30
IL,LI,117.0,31
EG,TZ,117.0,27
ID,NO,117.0,30
KR,MU,117.0,32
HU,KR,117.0,25
AR,LV,117.0,32
CR,NZ,117.0,29
GB,HK,117.0,30
PE,SI,117.0,29
PE,PH,117.0,29
PL,VE,117.0,26
GE,JP,117.0,27
AR,NL,117.0,31
HK,KY,117.0,32
CH,HU,117.0,30
AR,FR,117.0,38
JP,MX,117.0,28
ID,LT,117.0,34
MU,RO,117.0,31
IN,PE,116.0,32
EE,PA,116.0,30
CN,FR,116.0,27
TW,ZM,116.0,25
TR,TW,116.0,33
EG,LB,116.0,29
LI,QA,116.0,29
TW,VG,116.0,26
CZ,US,116.0,35
MT,NL,116.0,33
BE,KZ,116.0,28
BE,PL,116.0,25
BE,RS,116.0,30
LV,NL,116.0,33
SG,US,116.0,31
DE,IS,116.0,31
AT,KY,116.0,29
DE,NL,116.0,30
CY,GE,116.0,27
HU,QA,116.0,32
KR,MY,116.0,31
AR,EG,116.0,32
AT,CU,116.0,31
FR,PE,116.0,34
PY,QA,116.0,28
CU,DE,116.0,30
MU,NL,116.0,29
CR,MT,116.0,27
PT,TR,116.0,28
NL,NO,116.0,30
CU,GR,116.0,33
CN,RO,116.0,26
GE,LU,116.0,31
RU,TH,116.0,29
ES,NZ,116.0,32
BY,IS,116.0,28
ES,JP,116.0,28
CU,PT,116.0,33
IN,PA,116.0,32
EE,SE,116.0,30
AE,KR,116.0,32
BY,TH,115.0,27
CW,DK,115.0,32
AU,SG,115.0,32
CH,HR,115.0,28
BE,BG,115.0,29
CR,ZA,115.0,31
CW,CY,115.0,32
NZ,RO,115.0,31
CU,ZA,115.0,27
EE,RU,115.0,31
EE,IL,115.0,32
DE,SI,115.0,29
AR,CY,115.0,34
QA,TH,115.0,29
AR,KR,115.0,32
DE,NZ,115.0,29
IS,SI,115.0,26
IS,QA,115.0,31
FI,GB,115.0,30
MO,TZ,115.0,26
BM,KZ,115.0,31
AT,AU,115.0,27
CY,SG,115.0,29
CZ,MT,115.0,28
GR,PT,115.0,31
PT,VG,115.0,29
MD,TZ,115.0,32
CO,ES,115.0,29
PL,SA,115.0,30
AU,LU,115.0,29
PH,RS,115.0,30
FI,SA,115.0,29
CO,NO,115.0,29
HU,RO,115.0,32
IT,VG,115.0,29
IT,US,115.0,25
PH,TH,115.0,30
CY,QA,115.0,30
FR,GE,115.0,31
KR,NL,115.0,32
HK,JP,115.0,28
CO,US,115.0,30
GB,KZ,115.0,30
LB,PL,115.0,31
DE,FI,115.0,34
BG,ID,115.0,28
GE,NZ,115.0,32
DK,KY,115.0,33
QA,ZA,115.0,27
RS,TH,115.0,32
CA,CO,115.0,30
ES,NO,115.0,32
CL,HK,115.0,31
AE,BE,115.0,30
AE,IN,115.0,29
LI,RS,115.0,29
BM,CA,115.0,30
CN,MT,115.0,33
AE,NZ,115.0,33
GR,LU,115.0,30
CA,IS,115.0,30
LI,MX,115.0,29
CL,ES,114.0,31
KZ,RO,114.0,29
BE,BM,114.0,33
PA,VG,114.0,34
IL,ZA,114.0,29
IL,PL,114.0,28
EE,NO,114.0,34
SK,TZ,114.0,28
IE,NZ,114.0,34
BY,UA,114.0,29
CU,ES,114.0,30
MY,SI,114.0,29
CW,US,114.0,29
PA,PE,114.0,30
IN,PH,114.0,26
SI,ZA,114.0,35
EG,GR,114.0,30
DK,PT,114.0,29
AR,CO,114.0,30
LU,SA,114.0,30
CN,CR,114.0,29
MD,MX,114.0,28
GR,SG,114.0,31
GE,LB,114.0,38
ES,RO,114.0,30
CA,CN,114.0,30
DK,TR,114.0,29
DK,MU,114.0,31
CA,CY,114.0,29
IE,KY,114.0,31
NZ,VG,114.0,31
EE,PH,114.0,32
FR,TW,114.0,28
CZ,TW,114.0,32
FI,MD,114.0,31
PT,SG,114.0,31
BE,SG,114.0,28
CZ,TH,114.0,29
AT,EG,114.0,31
KR,PH,114.0,31
HR,TH,114.0,29
HK,HU,114.0,32
MT,PH,114.0,31
CO,VG,114.0,29
BE,CN,114.0,30
FR,MT,114.0,30
CL,ZA,114.0,31
JP,PY,114.0,33
RO,VG,114.0,30
HK,MU,114.0,29
GB,SI,114.0,28
AU,CO,114.0,30
FR,KZ,114.0,29
CY,IN,114.0,32
ID,LV,114.0,30
IN,SE,114.0,31
CN,IT,114.0,27
BM,LB,114.0,28
DE,MT,114.0,31
ES,TZ,114.0,31
SE,TW,113.0,32
AE,BS,113.0,26
CW,TR,113.0,31
PE,TZ,113.0,26
AU,PL,113.0,30
MU,MX,113.0,30
MU,TH,113.0,27
MY,TZ,113.0,27
CU,IS,113.0,31
NO,PH,113.0,29
NL,TH,113.0,28
NZ,SK,113.0,29
CW,CZ,113.0,31
NO,US,113.0,31
BY,RS,113.0,31
SE,ZA,113.0,32
CR,QA,113.0,30
LB,MX,113.0,28
AT,MT,113.0,28
PT,TW,113.0,30
CO,FR,113.0,28
AU,EG,113.0,27
FI,SE,113.0,30
JP,PH,113.0,33
HK,SK,113.0,29
CO,LI,113.0,28
AU,EE,113.0,26
CO,RO,113.0,28
BE,US,113.0,32
CR,IN,113.0,31
AU,TW,113.0,29
CY,IS,113.0,27
AU,CW,113.0,29
JP,LV,113.0,31
BM,TR,113.0,28
RO,TH,113.0,30
MD,PT,113.0,30
IN,SG,113.0,29
CA,MY,113.0,31
AR,PT,113.0,28
IT,LV,113.0,31
GR,PL,113.0,31
GR,KR,113.0,29
EG,US,113.0,30
BY,LB,113.0,27
CL,CN,113.0,28
LU,TZ,113.0,33
LI,SK,113.0,29
CL,CZ,113.0,29
CL,LI,113.0,31
AE,LT,112.0,30
LV,RO,112.0,28
GE,PH,112.0,28
GE,SE,112.0,30
EG,GE,112.0,31
CW,LU,112.0,28
AT,ES,112.0,30
AE,PY,112.0,28
EE,EG,112.0,26
MT,VG,112.0,31
LU,NL,112.0,27
CH,FI,112.0,27
GR,KY,112.0,27
BM,CO,112.0,28
CO,HU,112.0,30
CH,MU,112.0,29
DK,ES,112.0,27
AT,IL,112.0,28
AT,LI,112.0,29
GR,MX,112.0,31
EG,TR,112.0,28
GR,HU,112.0,28
KZ,PT,112.0,28
CL,PT,112.0,29
NZ,SI,112.0,29
HR,PY,112.0,29
DE,NO,112.0,29
CY,IE,112.0,30
JP,UY,112.0,30
AR,RS,112.0,27
ES,TH,112.0,28
CA,PE,112.0,30
IS,SE,112.0,27
RO,TZ,112.0,29
IS,SK,112.0,30
IE,LU,112.0,25
GR,UA,112.0,27
BG,CA,112.0,24
BG,TR,112.0,28
CH,PY,112.0,26
CR,PL,112.0,29
AU,BE,112.0,32
HU,MY,112.0,31
CH,GE,112.0,27
EE,MY,112.0,31
CU,KY,112.0,27
HR,PE,112.0,30
BY,CA,112.0,23
LU,SK,112.0,30
MT,ZA,111.0,30
FI,NZ,111.0,31
FI,PE,111.0,33
QA,VG,111.0,28
MX,RO,111.0,33
MU,PA,111.0,26
GE,SG,111.0,30
CZ,LV,111.0,31
EE,KY,111.0,28
FI,IN,111.0,29
PL,UY,111.0,30
HU,ZA,111.0,32
EG,SK,111.0,30
EG,UA,111.0,30
LB,RO,111.0,29
AR,BE,111.0,32
CW,LB,111.0,29
HU,KV,111.0,25
EG,HR,111.0,28
FR,IS,111.0,29
ES,NL,111.0,29
ES,PE,111.0,28
PA,TH,111.0,28
CN,ZA,111.0,29
ID,VG,111.0,28
BE,LV,111.0,28
IE,IN,111.0,26
CH,PL,111.0,26
BE,CU,111.0,25
BE,CW,111.0,29
CO,PL,111.0,30
CO,TH,111.0,33
IS,UA,111.0,27
BE,DK,111.0,25
BE,ID,111.0,29
IS,ZA,111.0,24
AU,CN,111.0,29
CY,PH,111.0,26
ES,FR,111.0,32
RU,SG,111.0,34
BE,CL,111.0,31
LV,TH,111.0,30
CU,MT,111.0,32
BY,CL,111.0,28
MT,PA,111.0,26
NO,SI,111.0,32
HK,PH,111.0,27
LT,RS,111.0,30
CZ,FI,111.0,28
EG,LU,111.0,33
CL,SE,111.0,31
KZ,LV,111.0,29
DE,MU,111.0,30
CH,CL,111.0,28
CU,ME,111.0,25
NL,ZA,111.0,28
KZ,TH,110.0,31
NL,PL,110.0,24
CA,FR,110.0,27
CA,GB,110.0,34
HU,PT,110.0,26
DE,EG,110.0,32
AR,PE,110.0,28
CW,ES,110.0,29
CU,MY,110.0,28
CL,IL,110.0,25
LT,PE,110.0,26
NZ,SA,110.0,29
SI,VG,110.0,29
CZ,IE,110.0,27
JP,RU,110.0,30
CY,TZ,110.0,29
AR,IS,110.0,30
PE,VG,110.0,27
IN,UY,110.0,27
HK,NL,110.0,34
BG,IL,110.0,30
AR,CL,110.0,25
BM,EG,110.0,28
CL,TR,110.0,30
FI,ID,110.0,32
PL,US,110.0,27
IN,LB,110.0,26
MX,NL,110.0,27
CH,LU,110.0,28
CH,MY,110.0,26
HK,TZ,110.0,30
CH,LB,110.0,29
PA,PY,110.0,28
PH,RU,110.0,32
GR,TR,110.0,27
DK,NZ,110.0,34
AT,PT,110.0,30
IE,MX,110.0,29
IE,MY,110.0,29
MD,PY,110.0,30
ES,FI,110.0,29
PT,TZ,110.0,28
GR,LI,110.0,31
CA,UA,110.0,29
PT,UA,110.0,27
BE,BY,110.0,30
GB,MY,110.0,25
BE,PA,110.0,32
MU,SA,110.0,29
BE,MU,110.0,29
CR,GR,110.0,26
GE,HK,109.0,28
ES,US,109.0,30
IS,MY,109.0,29
LB,UA,109.0,30
KR,KY,109.0,26
GI,RS,109.0,26
HR,QA,109.0,29
NZ,TR,109.0,27
CU,LV,109.0,31
PY,UY,109.0,28
CU,US,109.0,28
CA,LB,109.0,30
PH,SK,109.0,27
AR,NZ,109.0,32
NL,SA,109.0,29
MD,SK,109.0,30
LU,VG,109.0,27
IN,PY,109.0,23
IL,MT,109.0,26
IT,QA,109.0,34
NL,SG,109.0,28
CN,GB,109.0,30
BM,EE,109.0,28
AR,AU,109.0,30
BB,LI,109.0,23
CR,RO,109.0,25
AT,JP,109.0,31
BE,UY,109.0,29
DK,ID,109.0,35
GB,RS,109.0,32
BE,ET,109.0,25
CO,PT,109.0,26
CN,NZ,109.0,28
SA,SE,109.0,31
PH,SA,109.0,31
CY,SA,109.0,26
FR,LI,109.0,26
BY,KY,109.0,31
PT,QA,109.0,27
IE,RS,109.0,25
CZ,TR,109.0,27
KZ,SK,109.0,29
NL,RO,109.0,29
CW,IL,109.0,26
LI,NL,109.0,27
ES,KY,109.0,28
PT,SI,109.0,33
GB,US,109.0,29
ID,NL,109.0,28
AT,TR,108.0,28
LU,SE,108.0,31
GR,MD,108.0,30
CW,NZ,108.0,27
LB,MY,108.0,29
LB,NL,108.0,29
FR,VG,108.0,26
GE,KZ,108.0,25
AT,NZ,108.0,31
JP,NZ,108.0,28
BG,NL,108.0,29
LU,TW,108.0,27
FR,RS,108.0,30
KY,SE,108.0,26
HK,RS,108.0,28
PH,UY,108.0,32
BO,ZA,108.0,26
IL,RO,108.0,28
KY,LB,108.0,29
BO,IT,108.0,24
LI,TZ,108.0,29
CR,MX,108.0,27
AU,ZA,108.0,32
CR,IT,108.0,30
CH,DK,108.0,30
FI,ZA,108.0,33
MT,US,108.0,29
AU,SI,108.0,31
CY,MD,108.0,23
RU,SE,108.0,29
CY,PA,108.0,29
IT,RS,108.0,29
HK,IE,108.0,30
HK,IT,108.0,28
GE,GR,108.0,25
DK,SI,108.0,27
BG,CU,108.0,27
HU,MX,108.0,28
GE,MD,108.0,28
AU,TR,108.0,30
CY,JP,108.0,30
RO,SI,108.0,27
CZ,MY,108.0,28
AR,TN,108.0,22
FI,RO,108.0,28
BG,CL,108.0,25
QA,US,108.0,30
CN,SK,108.0,27
CW,QA,108.0,26
BB,VE,107.0,24
MT,NO,107.0,27
CY,ID,107.0,29
MO,RU,107.0,22
CR,UY,107.0,30
FI,FR,107.0,24
ET,HR,107.0,26
CY,IL,107.0,28
IN,SI,107.0,32
LV,MU,107.0,27
LI,PY,107.0,28
NZ,UA,107.0,25
SA,TZ,107.0,29
CY,UA,107.0,24
NO,RS,107.0,23
FR,RO,107.0,29
CU,LT,107.0,30
DE,MX,107.0,26
CU,RO,107.0,30
PE,SE,107.0,28
CL,PY,107.0,27
SI,TR,107.0,30
NZ,QA,107.0,27
BG,ZA,107.0,32
CL,LV,107.0,28
CZ,PH,107.0,31
BY,ID,107.0,26
IE,PE,107.0,29
MD,QA,107.0,28
MD,TW,107.0,27
QA,TW,107.0,27
PH,SG,107.0,27
IN,TR,107.0,29
JP,RO,107.0,27
FR,LV,107.0,29
GR,RO,107.0,31
CR,CU,107.0,27
GB,UY,107.0,31
BE,GR,107.0,26
BY,EE,107.0,30
GE,TW,107.0,29
KR,MT,107.0,35
CR,DE,107.0,28
GR,NL,107.0,27
IE,TW,107.0,27
GR,NZ,107.0,29
GE,RO,107.0,29
LI,RO,107.0,28
CW,IS,107.0,34
HR,MD,107.0,26
KZ,VG,107.0,28
EC,NZ,107.0,27
EG,NL,107.0,26
SA,US,107.0,30
IT,TZ,107.0,27
SE,TH,107.0,27
AT,UY,107.0,30
FI,KR,107.0,29
AE,IT,107.0,25
AT,EE,106.0,28
JP,KR,106.0,29
SG,TR,106.0,27
EE,PT,106.0,27
BY,NZ,106.0,24
HR,IL,106.0,30
GB,NZ,106.0,28
CH,PE,106.0,28
CR,SA,106.0,27
GB,HU,106.0,24
MY,QA,106.0,28
AT,ET,106.0,26
NO,NZ,106.0,27
PL,QA,106.0,29
JP,SG,106.0,29
AT,RO,106.0,27
PL,SE,106.0,24
CG,IE,106.0,26
BG,MT,106.0,27
BM,NZ,106.0,29
MD,SE,106.0,31
NO,SK,106.0,26
MU,TR,106.0,27
PE,UA,106.0,25
AR,CW,106.0,28
GB,SK,106.0,29
BE,LT,106.0,29
CA,NO,106.0,27
QA,UY,106.0,28
LI,UA,106.0,25
MD,NL,106.0,28
CW,GE,106.0,29
KY,RU,106.0,33
EE,LI,106.0,29
AE,IS,106.0,26
CZ,GR,106.0,26
EG,MD,106.0,27
DK,VG,106.0,31
ID,LI,106.0,30
CY,TR,106.0,27
CH,CW,106.0,24
AU,ES,106.0,23
RO,TR,105.0,23
LB,SI,105.0,26
IN,PL,105.0,27
IT,PL,105.0,30
BG,PA,105.0,25
PE,ZA,105.0,29
CW,SG,105.0,26
GB,KR,105.0,27
GB,IT,105.0,28
CH,KR,105.0,25
LB,NZ,105.0,30
AU,MY,105.0,30
GI,SA,105.0,21
CL,GE,105.0,27
CU,MO,105.0,22
EE,TR,105.0,28
LT,ZA,105.0,31
AE,MY,105.0,26
DK,MY,105.0,24
ID,KR,105.0,27
CA,IT,105.0,27
ES,SG,105.0,29
BM,TW,105.0,26
BE,IT,105.0,30
CA,GR,105.0,26
IS,KY,105.0,26
DK,FR,105.0,31
CO,SE,105.0,29
DK,LB,105.0,26
DE,IN,105.0,24
IS,RU,105.0,29
AR,HR,105.0,26
BS,VN,105.0,23
ID,PA,105.0,25
ES,VG,105.0,27
CY,ZA,105.0,27
CZ,DE,105.0,32
LV,PE,105.0,27
ME,NP,105.0,24
CG,LT,105.0,23
ES,HR,105.0,27
LI,MC,105.0,23
LI,MU,105.0,32
EG,PA,105.0,28
CU,NZ,105.0,29
AR,LU,105.0,26
ES,RU,105.0,27
IL,UA,105.0,28
CZ,LT,105.0,24
EE,IS,105.0,29
AE,FI,105.0,24
AE,LU,104.0,27
BH,RO,104.0,26
SG,UA,104.0,27
BY,IN,104.0,24
LK,PY,104.0,26
AE,PA,104.0,25
EG,NO,104.0,26
PE,SA,104.0,29
FR,NL,104.0,25
IN,MT,104.0,28
NZ,SG,104.0,26
CU,PL,104.0,27
CH,CY,104.0,27
CW,PT,104.0,31
IS,LV,104.0,26
DE,LI,104.0,21
DE,TH,104.0,29
KR,US,104.0,28
QA,SG,104.0,26
CW,LV,104.0,30
HR,IT,104.0,29
HR,HU,104.0,25
LU,RS,104.0,28
CL,UA,104.0,28
FI,PG,104.0,29
CN,US,104.0,24
LV,TR,104.0,27
PT,PY,104.0,24
TR,ZA,104.0,27
AE,RS,104.0,28
CL,IS,104.0,29
LU,ZA,104.0,31
CY,TW,104.0,28
BM,CH,104.0,29
BE,NO,104.0,26
BE,MD,104.0,30
IS,LB,104.0,25
DK,GE,104.0,30
BG,CH,104.0,26
CY,ES,104.0,25
AR,SG,104.0,28
CA,RU,104.0,27
DE,DK,104.0,27
AR,UY,104.0,24
CA,PT,104.0,22
CR,KZ,104.0,30
GB,LT,104.0,26
BE,CA,104.0,26
CR,EE,104.0,27
CR,DK,104.0,24
RS,ZA,104.0,25
RU,TW,104.0,30
HK,SE,103.0,21
DK,IE,103.0,30
LB,MD,103.0,31
CR,HU,103.0,28
CR,IE,103.0,27
IE,JP,103.0,27
CL,PA,103.0,29
PY,US,103.0,27
CU,MD,103.0,28
HR,KR,103.0,27
AU,LI,103.0,27
CW,KR,103.0,26
FR,US,103.0,27
MD,VG,103.0,27
CL,KR,103.0,26
LU,MU,103.0,31
LV,PH,103.0,28
LI,TR,103.0,32
FI,LV,103.0,30
CZ,IT,103.0,25
GI,PL,103.0,25
IT,TR,103.0,26
BM,MY,103.0,24
FI,PT,103.0,25
GB,PH,103.0,27
IT,LB,103.0,25
LB,TW,103.0,27
JP,ZA,103.0,31
CY,TH,103.0,27
JP,SE,103.0,29
ID,US,103.0,25
CG,NP,103.0,24
DE,LB,103.0,28
UA,US,103.0,28
EE,MT,103.0,28
PH,PY,103.0,25
ID,TZ,103.0,28
MY,TR,103.0,29
CH,RS,103.0,28
AU,KZ,103.0,27
HR,LT,103.0,23
KY,ZA,103.0,27
SE,VG,103.0,26
AE,MU,103.0,27
KZ,UY,103.0,29
CO,NZ,102.0,29
PA,SE,102.0,25
MX,MY,102.0,26
MX,NZ,102.0,26
CW,PY,102.0,28
CW,LT,102.0,28
AU,GB,102.0,25
CA,FI,102.0,29
IL,VG,102.0,24
AE,TW,102.0,30
NO,UY,102.0,30
LT,SE,102.0,25
AR,HU,102.0,28
CA,TH,102.0,27
DE,ES,102.0,27
CU,NO,102.0,27
AE,RU,102.0,29
GR,PH,102.0,27
BM,DE,102.0,27
LU,PY,102.0,27
LU,PK,102.0,27
GE,TH,102.0,27
LT,NP,102.0,23
CL,HU,102.0,27
AO,PY,102.0,25
BE,EG,102.0,28
CY,RU,102.0,27
IN,ZA,102.0,26
BM,PT,102.0,25
AT,PG,102.0,24
ID,SK,102.0,29
CA,NL,102.0,26
GB,KY,102.0,24
CL,CY,102.0,26
HU,RU,102.0,27
CO,KY,102.0,25
DK,LI,101.0,28
IS,UY,101.0,30
TR,TZ,101.0,24
CL,LT,101.0,27
GR,HR,101.0,26
AT,LB,101.0,25
JP,RS,101.0,29
AR,CH,101.0,25
AU,LT,101.0,27
IE,UA,101.0,27
EE,KZ,101.0,26
AT,CR,101.0,25
IT,SA,101.0,31
CU,RU,101.0,27
EE,MC,101.0,25
KY,MU,101.0,24
HU,KZ,101.0,26
IS,PA,101.0,28
DK,EG,101.0,26
MU,NZ,101.0,25
AU,HK,101.0,29
CA,VN,101.0,22
KY,SA,101.0,27
KY,TR,101.0,27
NO,RU,101.0,29
IL,TZ,101.0,24
IN,IT,101.0,26
AE,HK,101.0,23
BY,LI,101.0,30
FI,GE,101.0,29
IS,TR,101.0,24
BE,LB,101.0,26
BE,FI,101.0,30
MA,SA,101.0,26
HK,RU,101.0,27
IE,KR,101.0,30
BY,GR,101.0,26
KW,SK,100.0,24
PE,TW,100.0,27
HR,TW,100.0,28
NL,PY,100.0,28
KZ,ZA,100.0,29
MU,UY,100.0,25
IL,QA,100.0,28
EE,TH,100.0,28
EE,JP,100.0,24
AT,ZA,100.0,28
JP,NL,100.0,29
AT,HU,100.0,24
US,ZM,100.0,24
CN,LV,100.0,29
DK,US,100.0,29
JP,MT,100.0,26
BG,US,100.0,27
CN,MU,100.0,26
ID,SI,100.0,27
ID,TR,100.0,25
CH,CO,100.0,25
IS,ME,100.0,20
PG,UA,100.0,22
CH,SI,100.0,25
HR,VG,100.0,23
FR,SK,100.0,27
EE,ZA,100.0,26
AE,SK,100.0,25
AE,MX,100.0,25
SA,TW,100.0,24
ES,LV,100.0,28
IE,MA,100.0,23
BE,ES,100.0,29
AR,SK,100.0,26
BM,KY,100.0,25
BE,QA,100.0,26
CN,TH,100.0,30
IN,RS,99.0,22
KY,MD,99.0,24
KY,VE,99.0,22
FR,IL,99.0,25
KZ,SG,99.0,29
ET,MU,99.0,23
IS,TH,99.0,25
PE,SG,99.0,23
IS,SA,99.0,24
AR,DK,99.0,25
DK,EE,99.0,28
CA,TZ,99.0,27
BR,DK,99.0,21
MU,QA,99.0,27
FR,LT,99.0,23
CG,CN,99.0,26
KR,NO,99.0,23
AR,TR,99.0,24
ES,PA,99.0,28
KR,LB,99.0,27
MD,RU,99.0,28
DK,PH,99.0,26
GB,NO,99.0,26
HK,HR,99.0,29
LB,TH,99.0,23
CY,PK,99.0,26
GR,LB,99.0,27
BG,LB,99.0,22
MA,TW,99.0,20
CY,SM,99.0,28
EG,ZA,99.0,27
RU,RU,99.0,22
LV,MY,99.0,28
BG,SK,99.0,27
FI,PH,99.0,27
AE,GB,98.0,26
BM,MX,98.0,25
LI,PA,98.0,26
CO,MD,98.0,25
CO,DE,98.0,25
GE,KY,98.0,26
CN,PH,98.0,31
IT,LI,98.0,30
CO,EE,98.0,22
GR,VG,98.0,31
DK,LV,98.0,27
AT,CH,98.0,27
IT,PY,98.0,27
AU,CU,98.0,30
PK,PT,98.0,19
CL,SK,98.0,28
CN,SA,98.0,29
CL,IE,98.0,23
NO,ZA,98.0,25
BG,LT,98.0,27
LU,RU,98.0,30
GB,NL,98.0,25
DK,MT,98.0,26
KZ,TZ,98.0,25
CR,FI,98.0,26
ES,LB,98.0,29
ES,KZ,98.0,23
RS,SI,98.0,26
RS,SA,98.0,25
BY,IE,98.0,27
BE,EE,98.0,23
FR,PT,98.0,27
FR,NO,98.0,28
KY,KZ,98.0,20
LU,ZW,98.0,22
KR,SI,98.0,28
IE,KZ,98.0,26
AT,CG,98.0,27
FI,LI,98.0,28
GB,GR,98.0,28
KY,TW,98.0,27
AZ,EG,98.0,23
KZ,NO,98.0,26
HR,VE,98.0,21
AR,PH,98.0,26
BZ,RU,97.0,22
TR,US,97.0,21
BE,PH,97.0,26
BE,TW,97.0,29
GE,NO,97.0,26
IE,TH,97.0,25
MY,US,97.0,28
MY,PA,97.0,29
CH,LI,97.0,27
CH,IE,97.0,28
AU,BB,97.0,22
AU,BG,97.0,27
HU,MU,97.0,25
JP,QA,97.0,26
BY,CR,97.0,28
BM,PA,97.0,27
DK,MX,97.0,26
BE,NL,97.0,26
BR,DE,97.0,23
KZ,PA,97.0,22
KZ,LB,97.0,26
CH,TZ,97.0,25
HR,TR,97.0,28
CW,UY,97.0,26
FR,LB,97.0,27
AR,GB,97.0,24
NZ,PT,97.0,24
SC,UA,97.0,26
BY,UY,97.0,29
AT,CZ,97.0,24
IL,PH,97.0,25
IN,MY,97.0,25
IN,KP,97.0,23
AE,BY,97.0,28
IL,SA,96.0,24
BY,PY,96.0,25
FI,LT,96.0,25
FI,KY,96.0,24
HR,RU,96.0,26
LK,LV,96.0,21
LV,NP,96.0,22
BH,PY,96.0,24
BG,PK,96.0,28
LU,UA,96.0,25
CA,ES,96.0,26
DK,SA,96.0,23
CY,IT,96.0,24
CN,SE,96.0,25
MX,TW,96.0,27
BE,CZ,96.0,28
QA,TZ,96.0,25
BY,HK,96.0,27
PE,PL,96.0,27
MY,TH,96.0,24
MU,PH,96.0,25
CR,MC,96.0,20
CW,MD,96.0,27
MX,PL,96.0,21
IS,NL,96.0,25
CU,HK,96.0,24
RU,ZW,96.0,22
BM,CR,96.0,24
IE,KW,95.0,23
PE,UY,95.0,27
ID,SE,95.0,28
CR,MY,95.0,26
KY,PE,95.0,23
ET,MX,95.0,22
KP,KZ,95.0,19
HU,PL,95.0,27
CR,HR,95.0,27
MT,PG,95.0,21
FR,PA,95.0,24
CH,QA,95.0,22
GR,PY,95.0,27
ID,IE,95.0,29
LK,SK,95.0,22
GI,HU,95.0,26
EE,SG,95.0,24
TH,US,95.0,29
BM,BY,95.0,23
BY,RU,95.0,25
HR,SG,95.0,23
EC,PE,95.0,21
IT,KR,95.0,23
GR,PA,95.0,25
GR,SA,95.0,29
MD,US,95.0,25
IT,IT,95.0,20
BS,FI,95.0,23
PH,TR,95.0,23
LI,LU,95.0,24
ME,TN,95.0,24
TR,UA,94.0,23
TW,TZ,94.0,26
CA,PL,94.0,26
BY,CZ,94.0,25
DK,TH,94.0,23
LI,LK,94.0,24
BG,KR,94.0,24
SK,SM,94.0,23
BM,MU,94.0,24
GE,LI,94.0,25
AE,ES,94.0,26
IN,LU,94.0,25
CO,MT,94.0,25
CZ,PE,94.0,25
AT,PE,94.0,23
GB,SA,94.0,24
MU,TZ,94.0,25
CR,LU,94.0,27
CA,HR,94.0,24
KP,PK,94.0,20
HU,VG,94.0,26
LB,PT,94.0,26
EE,HU,94.0,24
BG,IE,94.0,24
GE,TZ,94.0,24
LV,SI,94.0,26
BY,KP,94.0,22
SA,UA,94.0,24
LT,LV,94.0,26
EG,MU,94.0,24
IE,NO,94.0,23
AE,CR,94.0,30
EE,PL,94.0,21
EC,MC,94.0,17
CZ,HU,94.0,27
IL,MO,94.0,22
AE,BG,94.0,26
EC,LB,94.0,21
BO,GR,94.0,25
GB,ID,94.0,21
KR,UY,94.0,23
HR,PA,94.0,27
CW,NO,94.0,27
AR,FI,94.0,23
CU,HR,94.0,28
HR,LI,94.0,27
BB,CN,94.0,25
FI,IL,93.0,28
FI,ME,93.0,23
EC,PH,93.0,21
AE,PE,93.0,26
LK,ZM,93.0,21
CU,MU,93.0,29
CZ,RU,93.0,26
CO,FI,93.0,27
BM,ZM,93.0,23
PY,RS,93.0,24
BM,IL,93.0,25
BG,PY,93.0,21
AO,IE,93.0,21
CL,DE,93.0,24
LK,VG,93.0,22
SA,ZW,93.0,22
CL,CO,93.0,24
BZ,LV,93.0,23
MD,PA,93.0,26
MO,NZ,93.0,22
KY,UA,93.0,25
DE,ZW,93.0,23
AU,ID,93.0,25
PG,UY,93.0,22
HK,LI,93.0,27
CI,NP,93.0,23
BO,NZ,93.0,22
BM,VG,93.0,27
JP,VN,93.0,24
BS,LI,93.0,21
AR,CN,93.0,28
IL,TW,93.0,23
KY,MO,93.0,21
KY,MY,93.0,28
ET,US,93.0,23
KY,SG,93.0,23
KR,SG,93.0,25
FI,RU,93.0,22
CO,RS,93.0,27
MT,MX,93.0,27
HR,NZ,93.0,23
LT,RO,92.0,23
SI,ZM,92.0,25
EE,MX,92.0,21
AU,VG,92.0,25
AZ,CN,92.0,26
MA,TR,92.0,21
AT,ID,92.0,22
AZ,TH,92.0,19
CH,CU,92.0,25
CU,NL,92.0,24
CW,GR,92.0,23
CR,RS,92.0,24
MT,TH,92.0,22
GB,TH,92.0,25
QA,WS,92.0,22
AU,HR,92.0,25
KR,NZ,92.0,24
CU,HU,92.0,26
HR,NP,92.0,23
ID,MT,92.0,28
CG,NO,92.0,23
BO,ZM,92.0,23
KW,UA,92.0,23
BE,NZ,92.0,27
GB,TZ,92.0,23
FI,VG,92.0,25
AU,DK,92.0,23
JP,PE,92.0,23
CA,KR,92.0,24
IS,LI,92.0,22
BM,IS,92.0,25
KP,KW,92.0,21
CY,LT,92.0,25
IT,MU,92.0,24
MO,QA,92.0,21
ES,ID,92.0,23
ES,ES,92.0,21
AE,CA,92.0,25
UA,WS,92.0,21
BY,DE,91.0,24
AR,IL,91.0,24
MO,SM,91.0,22
BY,EG,91.0,25
BY,BZ,91.0,23
BE,VN,91.0,24
KZ,NZ,91.0,20
EG,VG,91.0,24
EG,PT,91.0,21
AZ,PK,91.0,21
BE,MX,91.0,25
PT,UY,91.0,24
AT,LV,91.0,24
AR,TH,91.0,22
CZ,PT,91.0,23
FI,MO,91.0,21
ID,MA,91.0,22
LI,LI,91.0,21
BH,PL,91.0,22
CY,EE,91.0,24
CU,PH,91.0,26
AT,MC,91.0,19
AZ,DK,91.0,20
BG,FI,91.0,24
CY,RS,91.0,23
GR,MY,91.0,24
PE,PT,91.0,23
LT,VG,91.0,24
CZ,ZA,91.0,21
LV,UA,91.0,23
BG,QA,91.0,23
DE,FR,91.0,27
AU,JP,91.0,28
AO,ET,91.0,24
HR,KZ,91.0,27
AT,PH,91.0,25
DE,PE,91.0,26
DE,PA,91.0,22
LB,MU,90.0,29
CI,VG,90.0,24
EE,GB,90.0,22
BO,GE,90.0,22
GR,IE,90.0,31
AR,GR,90.0,25
JP,UA,90.0,26
AR,TZ,90.0,24
JP,MC,90.0,26
AO,VN,90.0,25
AZ,DE,90.0,23
BG,DE,90.0,24
AO,MA,90.0,18
NL,SM,90.0,19
CI,DE,90.0,21
RU,TZ,90.0,23
CA,SA,90.0,24
MY,SA,90.0,23
MA,QA,90.0,20
LV,SG,90.0,28
BG,RS,90.0,25
BG,PL,90.0,23
GI,LU,90.0,22
MX,SI,90.0,24
IE,RU,90.0,22
CZ,VN,90.0,22
BG,GI,90.0,24
BG,EE,90.0,23
BE,SI,90.0,22
DK,UY,90.0,25
IL,LV,90.0,23
CR,US,90.0,25
DK,ZA,90.0,25
MO,PH,90.0,21
DK,SK,90.0,25
BY,SK,90.0,24
MU,PK,90.0,23
AT,BE,90.0,22
LV,ZA,90.0,25
IS,KP,90.0,26
AZ,LB,90.0,19
BO,LB,90.0,22
TZ,UA,90.0,24
CA,ZA,90.0,24
NL,PH,90.0,27
CO,CY,90.0,25
CN,CZ,90.0,22
BM,MC,90.0,19
LI,MT,89.0,24
CW,MT,89.0,28
MT,NZ,89.0,26
QA,QA,89.0,20
CN,LI,89.0,24
BR,TW,89.0,21
FR,KV,89.0,22
MT,SE,89.0,23
MU,RU,89.0,24
NL,UY,89.0,24
CW,IN,89.0,27
MT,SG,89.0,22
EG,RU,89.0,21
SG,WS,89.0,23
HU,KP,89.0,22
AR,DE,89.0,22
AO,BE,89.0,20
BO,BY,89.0,22
KP,TR,89.0,22
AT,NP,89.0,21
ES,MT,89.0,22
JP,LT,89.0,23
BY,MT,89.0,23
TR,WS,89.0,18
AU,ZM,89.0,20
LI,LT,89.0,26
EE,LK,89.0,22
IL,KV,89.0,23
KZ,QA,88.0,24
MU,PT,88.0,22
DK,PL,88.0,24
BR,CA,88.0,22
KZ,MA,88.0,21
GI,PE,88.0,20
CU,SA,88.0,22
LT,SI,88.0,23
CY,LK,88.0,21
KZ,RU,88.0,23
IE,ZA,88.0,21
JP,NO,88.0,22
CZ,KY,88.0,22
CO,QA,88.0,24
CA,EG,88.0,23
CA,SE,88.0,25
NL,PE,88.0,24
MY,RU,88.0,26
UY,VE,88.0,20
AU,VN,88.0,19
PA,WS,88.0,23
AZ,CL,88.0,19
KZ,WS,88.0,22
UY,VN,88.0,22
EE,HK,88.0,23
HK,SC,88.0,20
ZA,ZA,87.0,22
AE,LB,87.0,23
CH,PT,87.0,21
PA,SI,87.0,24
GR,SC,87.0,23
LB,MC,87.0,20
BY,MA,87.0,23
LB,TN,87.0,21
ID,PT,87.0,23
BH,IN,87.0,20
ES,TW,87.0,22
CN,PL,87.0,23
MX,PH,87.0,23
CH,GB,87.0,24
ID,PY,87.0,25
ID,NZ,87.0,22
KW,KZ,87.0,21
LV,SK,87.0,23
EC,TH,87.0,24
CR,KP,87.0,24
IT,LT,87.0,27
MD,ZA,87.0,27
FR,LU,87.0,21
HR,MY,87.0,22
BZ,NP,87.0,21
ES,LK,87.0,18
KY,PT,87.0,25
JP,SK,87.0,25
BG,CW,87.0,23
AT,DE,87.0,24
AT,HR,87.0,23
CZ,IN,87.0,25
FI,LU,87.0,24
BG,MU,87.0,23
CO,RU,87.0,26
AE,LI,87.0,23
BY,ZA,87.0,24
AT,BO,87.0,19
AE,BZ,87.0,17
EG,GB,87.0,22
SK,ZA,87.0,25
BY,SA,87.0,25
IT,MT,86.0,24
KY,RO,86.0,24
IL,PT,86.0,24
DE,HR,86.0,25
DE,KR,86.0,21
HU,IT,86.0,27
AZ,CZ,86.0,19
BZ,CL,86.0,21
CY,NP,86.0,22
HU,NP,86.0,20
AU,IS,86.0,22
CN,KR,86.0,25
LV,RS,86.0,25
AU,BY,86.0,26
AE,VE,86.0,19
EC,KZ,86.0,21
IN,MA,86.0,21
CN,ET,86.0,20
BE,MC,86.0,23
LB,SC,86.0,23
MO,SA,86.0,19
KY,WS,86.0,23
LK,SG,86.0,20
MT,SK,86.0,25
FI,SG,86.0,22
LB,LV,86.0,22
TR,ZM,86.0,21
EE,SC,86.0,22
LI,VN,86.0,20
CL,ID,86.0,24
BZ,KZ,86.0,20
GR,PK,86.0,20
CL,MU,86.0,27
KR,KW,85.0,17
BZ,UA,85.0,21
ID,IS,85.0,20
HU,PY,85.0,23
ID,IN,85.0,24
MX,PA,85.0,20
MT,PY,85.0,20
BE,SC,85.0,20
CW,PG,85.0,24
CY,GB,85.0,21
KZ,MO,85.0,19
BR,CW,85.0,19
EC,PG,85.0,18
BE,IS,85.0,21
BB,MD,85.0,21
SC,TW,85.0,19
ID,KP,85.0,20
AU,BM,85.0,22
KP,TZ,85.0,17
AO,IS,85.0,19
FR,KW,85.0,17
CR,ET,85.0,19
AO,PA,85.0,21
BY,ZW,85.0,19
LI,PK,85.0,17
LI,PH,85.0,24
BS,FR,85.0,19
GB,VG,85.0,23
CO,SG,85.0,24
LT,MU,85.0,21
ES,PH,85.0,22
KY,PK,85.0,25
PE,US,85.0,22
CH,GR,85.0,22
SE,ZM,85.0,22
HR,UY,85.0,24
CZ,RS,85.0,23
AZ,CU,84.0,22
BY,EC,84.0,21
LI,PG,84.0,21
DE,JP,84.0,25
IT,VN,84.0,19
KY,NZ,84.0,21
BZ,HK,84.0,20
CZ,KZ,84.0,23
AU,SC,84.0,18
CW,KP,84.0,20
MO,ZA,84.0,21
FR,GB,84.0,21
BS,IN,84.0,18
ME,ZW,84.0,21
BZ,CA,84.0,22
DK,SM,84.0,20
SG,SK,84.0,22
AZ,RO,84.0,19
KP,PG,84.0,16
MA,MD,84.0,22
SA,ZA,84.0,21
MA,PT,84.0,26
CI,RS,84.0,21
CI,IN,84.0,18
LU,ZM,84.0,18
BB,CL,84.0,18
LU,MD,84.0,18
AU,KV,84.0,22
CO,WS,84.0,22
RU,TN,84.0,18
IE,NL,84.0,21
GI,VE,84.0,19
HU,SG,84.0,21
HK,SG,84.0,26
CL,KP,84.0,19
AZ,BG,84.0,18
BY,KV,84.0,24
AR,ES,84.0,23
MY,PT,84.0,23
CN,KY,84.0,24
IL,MC,84.0,23
IL,RS,84.0,22
AR,SM,84.0,21
BG,BY,84.0,24
CH,NP,84.0,20
BB,WS,84.0,23
CA,GI,84.0,20
MA,TH,84.0,21
GI,NO,84.0,19
BG,ZW,83.0,19
BB,NL,83.0,19
BE,JP,83.0,21
PY,TN,83.0,21
IN,PK,83.0,23
CI,GE,83.0,21
EC,EG,83.0,21
HR,PL,83.0,23
ES,GB,83.0,26
LI,US,83.0,22
BM,NP,83.0,18
AR,US,83.0,23
NL,TN,83.0,23
CY,LI,83.0,25
KZ,SM,83.0,21
NO,NP,83.0,18
ET,KR,83.0,23
IL,IL,83.0,21
PK,TW,83.0,20
LV,ZM,83.0,20
GE,VN,83.0,21
CN,LK,83.0,17
BB,CO,83.0,20
HR,LK,83.0,20
NP,VG,83.0,21
PA,PT,83.0,22
AZ,CH,83.0,16
IE,MO,83.0,20
DE,LT,83.0,23
CO,IL,83.0,22
BG,CO,83.0,22
KP,LB,83.0,24
AR,CA,83.0,25
BZ,CU,83.0,20
DK,LU,82.0,19
CG,SM,82.0,19
PG,SG,82.0,20
BZ,TR,82.0,17
DK,EC,82.0,23
CA,RS,82.0,23
CA,KV,82.0,21
EC,VE,82.0,19
BO,RO,82.0,21
BO,CO,82.0,19
AZ,ZA,82.0,19
NP,SK,82.0,20
LK,LT,82.0,22
AR,MX,82.0,24
BG,KY,82.0,21
JP,VG,82.0,21
IL,VE,82.0,20
CO,IS,82.0,22
SG,TZ,82.0,20
CH,MO,82.0,23
CO,PH,82.0,22
GE,MU,82.0,22
PL,WS,82.0,20
AT,KV,82.0,20
IL,SE,82.0,24
KP,RU,82.0,19
IT,RU,82.0,22
GB,MD,82.0,23
CR,MU,82.0,24
EG,KV,82.0,19
EC,LV,82.0,23
EC,PA,82.0,20
AZ,ID,81.0,23
DE,SM,81.0,17
MO,MX,81.0,20
BS,PK,81.0,18
BO,SI,81.0,18
AZ,TW,81.0,17
BZ,DK,81.0,21
AT,KP,81.0,20
RO,WS,81.0,20
AE,GE,81.0,22
LK,TN,81.0,21
FR,PK,81.0,18
KR,PA,81.0,20
BO,RS,81.0,18
BO,MY,81.0,19
MY,SG,81.0,26
GI,NP,81.0,21
CA,ZM,81.0,21
ID,PK,81.0,18
KW,KY,81.0,17
MC,TW,81.0,18
BZ,ES,81.0,18
CW,ZM,81.0,18
DK,LK,81.0,23
PY,SK,81.0,20
ET,GE,81.0,20
BH,IT,81.0,19
AT,BR,81.0,18
CU,LK,80.0,21
NP,PT,80.0,19
TN,US,80.0,20
MA,PH,80.0,20
KR,MO,80.0,21
ID,WS,80.0,21
AT,TW,80.0,22
BZ,TH,80.0,20
SE,ZW,80.0,19
GR,ZW,80.0,17
PK,ZA,80.0,20
EC,SG,80.0,20
BS,SA,80.0,19
HK,KV,80.0,20
AR,PA,80.0,23
BE,VG,80.0,23
EG,TN,80.0,18
BO,JP,80.0,19
KZ,PY,80.0,25
EE,SI,80.0,18
EC,US,80.0,20
NZ,PH,80.0,24
EE,PK,80.0,20
BO,IN,80.0,19
BE,MA,80.0,20
CO,MU,80.0,20
KP,MA,80.0,18
BH,CH,80.0,23
RS,VE,80.0,22
AR,CU,80.0,23
CG,MC,80.0,20
KV,SM,80.0,18
HU,TH,80.0,24
PY,VN,80.0,16
FI,UA,80.0,21
AT,PA,80.0,20
KV,PH,80.0,16
KR,VN,80.0,19
BG,ZM,80.0,19
ET,MO,80.0,21
CZ,KW,80.0,19
JP,VE,80.0,20
CZ,JP,80.0,20
CG,LI,80.0,23
BS,IE,80.0,21
ID,KV,80.0,21
GI,TN,80.0,17
KZ,VE,80.0,17
ES,PG,79.0,18
BZ,CY,79.0,21
BS,TN,79.0,20
UY,ZW,79.0,19
TW,VE,79.0,18
KZ,VN,79.0,24
KZ,ZW,79.0,21
AE,VN,79.0,19
NZ,US,79.0,22
BZ,IL,79.0,20
LK,SI,79.0,20
AZ,KW,79.0,22
CW,PA,79.0,24
EE,RS,79.0,25
HK,NP,79.0,16
GB,SC,79.0,18
BH,BY,79.0,18
BH,LU,79.0,18
HU,ZM,79.0,21
QA,TN,79.0,20
AR,CR,79.0,21
CW,PK,79.0,19
AO,VG,79.0,19
BS,TZ,79.0,23
AT,BB,79.0,20
KV,US,79.0,17
CG,VE,79.0,20
PT,PT,79.0,16
BZ,NL,79.0,20
MX,TN,79.0,16
CN,CW,79.0,19
MC,PE,79.0,20
MC,MY,79.0,17
MC,NO,79.0,17
LK,PL,79.0,19
BE,BO,79.0,19
ET,HK,79.0,19
BG,BH,79.0,20
CG,PA,78.0,19
MU,PL,78.0,19
CL,PH,78.0,21
AU,RU,78.0,22
AZ,SG,78.0,23
NP,TH,78.0,17
TZ,VE,78.0,21
KY,PG,78.0,18
CH,TR,78.0,22
HR,ZM,78.0,18
BB,GR,78.0,22
CG,IT,78.0,20
LU,RO,78.0,21
BR,PG,78.0,21
MC,SI,78.0,18
KP,SE,78.0,18
IE,SI,78.0,24
CA,KW,78.0,19
BB,MA,78.0,17
CO,CO,78.0,20
BZ,LB,78.0,20
CR,ZM,78.0,20
BS,NL,78.0,17
AR,AZ,78.0,19
FI,VN,78.0,19
KW,PE,78.0,21
MU,UA,78.0,20
MU,SC,78.0,20
BB,RS,78.0,17
GI,US,78.0,17
BB,MC,78.0,18
CA,PK,78.0,18
CA,MC,78.0,19
AU,CR,78.0,19
CL,ZM,78.0,19
LV,MD,78.0,21
GE,SM,78.0,17
KY,SC,78.0,15
KY,LU,78.0,24
CG,EE,78.0,19
EG,IN,78.0,23
LK,TH,78.0,20
MO,TH,78.0,19
BS,SE,78.0,21
AZ,NP,78.0,19
NZ,ZM,77.0,18
AE,AO,77.0,18
IS,LK,77.0,20
AR,GI,77.0,19
CY,GI,77.0,17
TW,ZA,77.0,24
LK,VN,77.0,23
KZ,MX,77.0,23
SK,ZM,77.0,18
AO,BY,77.0,18
DK,PK,77.0,18
BO,QA,77.0,17
GB,KP,77.0,19
EC,JP,77.0,21
BR,GR,77.0,19
MC,UA,77.0,16
ET,PY,77.0,21
CZ,KP,77.0,18
BB,IL,77.0,20
CO,ZA,77.0,23
MY,SM,77.0,22
LV,VG,77.0,22
ID,VE,77.0,19
SC,SI,77.0,20
AU,AU,77.0,16
BZ,TW,77.0,17
KP,ZW,77.0,19
BR,NL,77.0,18
GE,SC,77.0,20
KP,ZM,77.0,18
AO,JP,77.0,18
CH,US,77.0,19
GI,PG,77.0,19
EC,MA,77.0,23
CI,CU,77.0,16
TN,UA,77.0,18
NL,ZW,77.0,21
FR,TZ,77.0,24
CY,ZW,77.0,22
MO,MY,77.0,18
BS,RO,77.0,18
BS,IS,77.0,17
MT,SC,77.0,21
LT,VE,77.0,20
KW,TR,77.0,18
KW,US,77.0,21
BG,KW,77.0,19
CO,VN,77.0,23
IL,MD,77.0,19
CU,ET,77.0,16
MD,WS,77.0,17
IL,SC,77.0,18
PY,ZA,76.0,24
LB,LU,76.0,21
EE,LT,76.0,20
TR,VN,76.0,20
CI,LT,76.0,23
NZ,WS,76.0,17
AR,MC,76.0,19
IN,ZM,76.0,18
BO,PL,76.0,18
EG,ET,76.0,21
UA,VN,76.0,22
SI,VE,76.0,19
ES,MC,76.0,16
AO,LV,76.0,16
LK,PG,76.0,21
PY,SM,76.0,19
ET,SA,76.0,17
PL,ZM,76.0,17
MC,SE,76.0,21
FI,MA,76.0,17
AO,CZ,76.0,20
BM,GI,76.0,20
CZ,MD,76.0,21
CH,EC,76.0,19
MO,NP,76.0,19
MD,ZW,76.0,17
IL,NP,76.0,18
SE,SM,76.0,22
BR,LV,76.0,17
BZ,CW,76.0,18
AT,MA,76.0,15
RU,SK,76.0,22
KV,WS,76.0,17
MA,PE,76.0,24
NL,NL,76.0,20
AU,CG,76.0,19
KV,TH,76.0,25
AO,TW,76.0,19
ET,NL,76.0,18
CI,TW,76.0,22
KP,US,76.0,21
BR,NZ,76.0,20
DK,DK,76.0,16
AU,PK,76.0,16
BH,PE,76.0,17
BH,LB,76.0,19
KV,SE,76.0,21
CL,VE,76.0,19
EC,LT,76.0,16
HK,TN,76.0,20
CR,SE,76.0,20
SK,WS,75.0,20
LB,PG,75.0,18
VG,WS,75.0,17
AZ,MU,75.0,19
CI,LU,75.0,21
BO,PY,75.0,19
CR,CR,75.0,19
ID,SM,75.0,19
CA,SC,75.0,20
BG,TN,75.0,18
KR,NP,75.0,18
ET,LI,75.0,19
AO,MY,75.0,18
BZ,KY,75.0,16
IE,PG,75.0,21
KP,SA,75.0,19
BR,ES,75.0,20
BR,NO,75.0,17
CL,CW,75.0,22
MA,MO,75.0,18
AO,SI,75.0,19
BG,RO,75.0,21
AU,BS,75.0,19
GE,KP,75.0,17
BZ,EE,75.0,18
DE,HU,75.0,24
MD,SC,75.0,15
BZ,CH,75.0,18
LT,SA,75.0,24
GB,PK,75.0,18
FR,ZM,75.0,18
AU,GI,75.0,17
PG,SE,75.0,17
BR,KR,75.0,19
KW,VG,75.0,20
IT,PK,75.0,19
BY,SG,75.0,23
MT,VN,75.0,20
CY,WS,75.0,16
LT,TZ,75.0,19
GI,SG,75.0,18
AZ,CO,75.0,17
PE,WS,75.0,21
DK,MO,75.0,20
SG,TN,75.0,18
AO,MD,75.0,22
CG,PL,75.0,19
EC,HK,75.0,18
GR,KW,75.0,15
CH,SC,75.0,20
BM,QA,75.0,21
LB,VE,75.0,20
CI,FR,75.0,18
UA,VE,75.0,17
BM,VE,75.0,20
BM,LT,74.0,24
BM,ET,74.0,15
BG,SM,74.0,17
RS,WS,74.0,18
BG,SC,74.0,18
KV,KW,74.0,18
AZ,TR,74.0,19
AO,UY,74.0,19
LU,WS,74.0,19
MD,VE,74.0,21
KP,MC,74.0,18
MD,MY,74.0,20
KP,QA,74.0,16
KP,SM,74.0,17
CZ,SM,74.0,18
ME,QA,74.0,18
IT,TN,74.0,16
JP,KV,74.0,18
BH,PH,74.0,19
LU,PE,74.0,20
BS,CL,74.0,15
AZ,SM,74.0,18
AO,TZ,74.0,18
KP,PE,74.0,18
DE,LK,74.0,18
IN,ME,74.0,20
BS,TH,74.0,21
PY,RO,74.0,20
BO,MX,74.0,18
EC,IT,74.0,17
BO,CU,74.0,17
CH,MA,74.0,18
CH,VN,74.0,17
BR,ID,74.0,17
PG,VG,74.0,19
MU,TN,74.0,20
AT,BZ,74.0,18
PL,ZW,74.0,17
CA,MA,74.0,17
GE,TN,74.0,21
IE,IE,74.0,19
MX,PY,74.0,24
IE,SM,74.0,17
BZ,TZ,74.0,20
GB,ZW,74.0,19
BZ,EG,74.0,17
CR,VE,74.0,18
GB,VE,74.0,19
IL,WS,74.0,18
IL,PK,74.0,19
HU,ZW,74.0,18
NO,PG,74.0,20
GB,KW,74.0,19
BO,TZ,74.0,19
CR,ME,74.0,17
CR,SM,74.0,20
PT,ZW,74.0,19
AO,LI,74.0,16
EE,VE,74.0,20
EC,TN,74.0,23
UA,ZW,74.0,18
EC,LU,74.0,20
MY,NP,74.0,18
BZ,ZM,73.0,20
PK,UA,73.0,19
EC,MX,73.0,19
MO,NL,73.0,19
MO,MT,73.0,19
BS,PY,73.0,20
CZ,MC,73.0,21
IS,ZM,73.0,16
KW,MY,73.0,17
BS,CN,73.0,21
ME,PG,73.0,18
ET,LU,73.0,18
MC,TZ,73.0,19
IT,NZ,73.0,18
CI,IT,73.0,16
RU,VN,73.0,20
SC,SE,73.0,20
CL,MA,73.0,19
AO,TR,73.0,16
AZ,US,73.0,19
JP,LK,73.0,17
CO,KP,73.0,17
IL,KW,73.0,18
EC,RO,73.0,19
BB,SI,73.0,17
EE,VN,73.0,17
LV,MO,73.0,19
LK,RO,73.0,19
BH,EG,73.0,18
KR,SM,73.0,19
ME,ZM,73.0,17
CZ,MA,73.0,20
EE,EE,73.0,18
LV,TZ,73.0,21
TZ,ZW,73.0,21
CW,KW,73.0,18
CG,HR,73.0,19
CG,HK,73.0,19
DK,KW,73.0,19
SE,WS,73.0,19
CW,EC,73.0,19
BY,PH,73.0,19
CW,MO,73.0,19
PT,WS,73.0,19
BE,VE,73.0,20
BY,BY,73.0,19
CG,NZ,73.0,20
EC,IS,73.0,15
BH,ZW,73.0,17
LT,MC,73.0,17
IL,MX,72.0,17
AE,BH,72.0,15
AE,PG,72.0,19
EC,NP,72.0,20
AO,DE,72.0,19
MX,VG,72.0,18
BB,DK,72.0,22
DE,ZM,72.0,16
AO,KR,72.0,18
IE,KV,72.0,16
AT,TN,72.0,20
AE,GI,72.0,19
CG,MX,72.0,16
PL,TN,72.0,20
CZ,LU,72.0,21
SA,ZM,72.0,18
IS,WS,72.0,19
KV,ZA,72.0,17
KR,ME,72.0,18
ET,MY,72.0,16
AO,RU,72.0,17
AO,SM,72.0,19
CI,KY,72.0,18
FI,KW,72.0,17
CY,TN,72.0,20
CI,ZM,72.0,17
DE,EE,72.0,22
AZ,HR,72.0,16
BM,LK,72.0,17
BH,HR,72.0,17
CI,MC,72.0,16
AT,IS,72.0,19
MU,WS,72.0,21
BZ,IE,72.0,19
BO,UY,72.0,16
DK,VN,72.0,18
CG,GR,72.0,16
IS,ZW,72.0,21
PE,TH,72.0,20
CG,RS,72.0,18
CU,ZW,72.0,17
GI,WS,72.0,17
BY,WS,72.0,16
MU,PG,72.0,18
ET,SE,72.0,18
ME,NL,72.0,18
BO,SG,72.0,17
RU,US,71.0,18
BH,CO,71.0,19
JP,KW,71.0,17
ME,PH,71.0,16
LB,PK,71.0,18
ME,RU,71.0,18
KW,PL,71.0,20
BH,MX,71.0,18
RO,SM,71.0,21
RU,WS,71.0,17
CL,CR,71.0,23
CL,JP,71.0,20
GI,RU,71.0,19
NP,RU,71.0,18
CZ,PY,71.0,16
MC,RS,71.0,14
JP,PK,71.0,18
BH,EE,71.0,23
HK,PG,71.0,18
NZ,SM,71.0,18
CI,SA,71.0,18
AZ,GB,71.0,17
MA,MY,71.0,19
BO,HK,71.0,18
ET,UY,71.0,21
BM,UA,71.0,20
BR,SK,71.0,16
BO,CY,71.0,20
GI,NZ,71.0,20
LT,ZW,71.0,18
AO,GB,71.0,19
IN,WS,71.0,18
BS,PG,71.0,16
MO,SE,71.0,19
IN,KR,71.0,20
BZ,RO,71.0,18
BE,NP,71.0,17
BZ,PY,71.0,17
CU,TN,71.0,17
CR,MO,71.0,16
BO,VG,71.0,16
BR,FR,71.0,16
PG,ZA,71.0,20
BR,EG,71.0,17
BB,HK,71.0,20
BB,HR,71.0,19
LK,TR,71.0,18
CN,VN,71.0,16
BB,SG,71.0,16
AT,GI,71.0,15
BB,LT,71.0,17
IL,RU,71.0,19
GE,LV,71.0,19
CG,UA,71.0,17
GI,UA,71.0,20
BZ,ZW,71.0,19
BR,CH,71.0,17
ID,MO,71.0,17
AU,MC,71.0,17
ID,PG,71.0,17
EC,SK,71.0,18
EC,MD,71.0,17
EC,MT,71.0,18
EG,SM,71.0,20
TH,TN,71.0,16
TH,ZM,71.0,18
TH,ZW,70.0,18
EE,ET,70.0,17
AE,ME,70.0,16
ME,PE,70.0,17
CI,SK,70.0,16
US,WS,70.0,17
KY,TN,70.0,19
PK,RS,70.0,17
SC,TR,70.0,15
AT,ZM,70.0,15
AT,VN,70.0,19
BH,ZM,70.0,19
BO,LI,70.0,17
BS,BY,70.0,16
DE,PT,70.0,22
CN,SC,70.0,16
IE,ME,70.0,20
BB,QA,70.0,16
BB,TR,70.0,19
BZ,US,70.0,16
ES,MA,70.0,16
BB,DE,70.0,18
ID,ZM,70.0,20
ET,RS,70.0,19
ET,TZ,70.0,21
BR,GE,70.0,16
BM,PH,70.0,17
CW,ME,70.0,17
MO,TN,70.0,17
EC,VG,70.0,17
NZ,VE,70.0,17
CN,EC,70.0,21
TZ,TZ,70.0,22
BM,BR,70.0,18
MA,RU,70.0,18
KR,SC,70.0,18
CI,NL,70.0,19
LK,MT,70.0,14
NO,SC,70.0,15
LU,SC,70.0,18
AZ,FI,70.0,18
CN,GI,70.0,15
BS,EG,70.0,17
IL,ZM,70.0,21
BS,DE,70.0,19
BG,BR,70.0,21
MO,VG,70.0,16
EG,ME,70.0,20
GB,GI,70.0,19
AU,BO,69.0,16
BH,VN,69.0,15
CN,PE,69.0,19
AZ,PT,69.0,16
BH,ES,69.0,16
AZ,MX,69.0,16
CI,SG,69.0,17
FR,WS,69.0,17
GE,GI,69.0,16
CO,ZW,69.0,19
GE,GE,69.0,15
KW,MO,69.0,20
GI,RO,69.0,17
PG,RO,69.0,17
CH,WS,69.0,17
CY,KP,69.0,16
HR,ZW,69.0,18
BY,KW,69.0,14
ES,VE,69.0,15
BR,MA,69.0,18
TN,VG,69.0,18
ES,SM,69.0,19
BB,PT,69.0,19
PL,PL,69.0,19
KR,ZW,69.0,18
BH,GR,69.0,20
RS,ZW,69.0,22
MC,ME,69.0,17
MX,ZM,69.0,16
EE,ME,69.0,17
KV,NL,69.0,15
MX,WS,69.0,18
LB,WS,69.0,18
BG,ET,69.0,20
RO,TN,69.0,18
CI,EE,69.0,17
ET,IE,69.0,17
KR,PK,69.0,15
BB,UA,69.0,15
GE,LK,69.0,17
DE,VE,69.0,18
ES,NP,69.0,18
BM,WS,69.0,18
BO,FI,69.0,15
SA,SM,69.0,20
BS,HR,69.0,19
IS,PK,69.0,18
AU,EC,69.0,21
CH,CH,69.0,18
BH,DE,69.0,16
BH,IS,69.0,18
FI,ZW,69.0,17
BR,IE,69.0,16
BB,UY,69.0,17
CI,GB,69.0,18
LU,NP,69.0,18
CZ,ZM,69.0,17
KR,WS,69.0,17
FI,FI,69.0,19
CI,CO,69.0,17
AZ,PA,69.0,18
LT,ME,69.0,16
BO,CA,68.0,17
CW,VE,68.0,22
IT,NL,68.0,22
BM,ZW,68.0,19
CI,IL,68.0,17
BS,ZW,68.0,20
AO,NZ,68.0,17
BM,BS,68.0,19
SC,ZA,68.0,15
ET,FR,68.0,16
KR,VE,68.0,15
SM,US,68.0,19
KV,MA,68.0,17
LV,MA,68.0,16
TW,ZW,68.0,16
KV,PE,68.0,17
AZ,JP,68.0,15
NZ,ZW,68.0,16
CG,FR,68.0,16
HU,MC,68.0,17
NZ,VN,68.0,20
HU,VE,68.0,16
CY,PG,68.0,15
RO,ZW,68.0,18
BR,KZ,68.0,17
ET,NO,68.0,17
BO,LT,68.0,15
PE,TN,68.0,16
MC,PH,68.0,20
ES,GI,68.0,20
BE,ME,68.0,17
CG,IS,68.0,17
FR,MA,68.0,17
BG,CI,68.0,17
BS,PL,68.0,20
PE,PK,68.0,14
MO,TW,68.0,19
JP,ZW,68.0,19
BE,ZW,68.0,16
IE,WS,68.0,18
CN,KV,68.0,16
CO,TN,68.0,15
CN,ME,68.0,18
ID,ZW,68.0,18
BZ,LT,68.0,22
BZ,MY,68.0,17
HK,SM,68.0,18
LB,ZM,68.0,17
EC,FR,68.0,18
KV,ZM,68.0,17
EC,ZM,68.0,16
NL,NP,68.0,18
CI,VN,68.0,17
KZ,ME,68.0,15
AZ,PL,68.0,18
CI,TN,68.0,16
ME,UY,68.0,18
BH,LT,68.0,19
CH,CI,68.0,17
CO,EC,68.0,18
BO,PE,68.0,16
IS,TN,68.0,17
KW,LI,68.0,17
ME,UA,68.0,17
BY,SC,68.0,17
IS,MA,68.0,21
KP,MD,68.0,17
MU,NP,68.0,18
DK,ZM,68.0,18
MC,ZA,68.0,17
BR,ZA,67.0,15
EE,KV,67.0,16
CI,KW,67.0,18
LB,ME,67.0,19
CY,VE,67.0,18
BB,SA,67.0,19
CH,KW,67.0,16
LU,MO,67.0,15
LU,MY,67.0,16
ME,US,67.0,17
GB,TN,67.0,15
PK,TR,67.0,18
DE,SC,67.0,17
BZ,WS,67.0,17
BZ,MU,67.0,20
BB,VN,67.0,18
IL,TN,67.0,18
IL,PG,67.0,19
GI,GR,67.0,17
BH,CZ,67.0,17
KV,PK,67.0,21
MA,PL,67.0,17
BR,SG,67.0,17
BO,EG,67.0,16
CI,IE,67.0,20
AZ,SK,67.0,18
KZ,MC,67.0,15
IT,PG,67.0,16
MY,SC,67.0,17
AU,BZ,67.0,18
BR,CO,67.0,14
PK,RO,67.0,18
BH,SI,67.0,18
PY,WS,67.0,17
QA,ZW,67.0,19
AR,WS,67.0,17
BS,TR,67.0,18
PY,SE,67.0,21
AZ,ES,67.0,17
MD,MU,67.0,21
MO,US,67.0,16
KP,UA,67.0,16
BO,PK,67.0,16
PG,RS,67.0,18
EC,SE,67.0,14
GR,KP,67.0,17
BE,GI,67.0,15
BZ,SA,67.0,16
AO,US,67.0,16
KP,SG,67.0,16
HK,ME,67.0,16
ZA,ZW,67.0,18
NZ,SC,67.0,14
LI,SC,67.0,17
CZ,KV,67.0,16
NO,SM,67.0,14
ET,GB,67.0,16
KP,PY,67.0,15
KV,MX,67.0,17
KV,MC,67.0,16
PK,PL,67.0,14
CL,WS,67.0,19
LB,LB,67.0,18
ET,ID,67.0,18
LK,RU,67.0,16
MA,SE,67.0,16
DK,VE,66.0,19
LV,SC,66.0,19
MA,ZA,66.0,17
CG,SE,66.0,16
TH,WS,66.0,17
LV,MC,66.0,20
LU,VE,66.0,14
LU,TN,66.0,18
BR,PK,66.0,16
BG,KV,66.0,17
BR,PA,66.0,17
KP,MU,66.0,18
BS,NO,66.0,16
KW,PT,66.0,19
MO,ZW,66.0,17
PA,ZM,66.0,16
BZ,IS,66.0,15
AU,PG,66.0,20
BO,NP,66.0,15
BS,ET,66.0,19
MC,SA,66.0,17
NL,WS,66.0,18
PA,PG,66.0,15
BH,GE,66.0,12
ID,ID,66.0,18
KZ,LK,66.0,18
PK,US,66.0,18
FI,MC,66.0,16
AU,BR,66.0,18
PK,QA,66.0,17
ME,MT,66.0,14
BM,LV,66.0,20
AE,CI,66.0,20
US,US,66.0,20
MD,SM,66.0,18
ME,TW,66.0,17
MY,ZW,66.0,16
SM,TR,66.0,18
BR,MY,66.0,15
MT,VE,66.0,18
BZ,KR,66.0,19
CR,KW,66.0,15
CU,SC,66.0,16
EG,MA,66.0,16
CO,MA,66.0,16
BZ,GR,66.0,17
KW,LB,66.0,17
LB,MA,66.0,16
IT,SC,66.0,17
FR,LK,66.0,17
FI,NP,66.0,17
CW,VG,66.0,22
CI,SI,66.0,16
CG,TZ,66.0,18
NP,PE,66.0,16
CN,SM,66.0,15
CG,FI,65.0,16
LB,VN,65.0,17
LK,NZ,65.0,17
LK,PE,65.0,20
EC,SM,65.0,16
EC,UY,65.0,16
LI,MO,65.0,15
HK,MA,65.0,18
EC,MY,65.0,17
EC,PT,65.0,17
AU,MO,65.0,19
SM,UA,65.0,16
SK,TN,65.0,19
AU,LK,65.0,16
NL,SC,65.0,17
CG,SG,65.0,18
SC,UY,65.0,18
AO,ES,65.0,15
LU,LU,65.0,16
CG,PH,65.0,15
BO,NO,65.0,13
SI,VN,65.0,16
MC,PT,65.0,18
MD,ME,65.0,16
BG,MC,65.0,19
HR,TN,65.0,15
KY,KY,65.0,16
GI,KR,65.0,15
NO,NO,65.0,18
BR,HR,65.0,20
BO,PH,65.0,17
BH,TH,65.0,15
BZ,PE,65.0,17
IE,VN,65.0,19
BR,GB,65.0,14
BO,TR,65.0,16
BO,SK,65.0,16
GB,MO,65.0,15
KW,PH,65.0,15
ET,ME,65.0,18
KW,TW,65.0,16
KW,SE,65.0,17
AO,GE,65.0,15
BR,IT,65.0,16
KW,MU,65.0,15
BR,PY,65.0,17
CW,GI,65.0,16
CW,ET,65.0,22
MD,VN,65.0,15
CY,MO,65.0,18
MC,QA,65.0,18
MO,TR,65.0,14
QA,ZM,65.0,18
AR,MO,65.0,19
AZ,CW,65.0,14
IN,TN,65.0,18
CZ,ET,65.0,16
LB,MO,65.0,17
CI,KR,65.0,14
GR,WS,65.0,15
HR,HR,65.0,17
NP,PH,65.0,16
CN,HU,65.0,15
BZ,LI,65.0,19
AT,IE,65.0,20
BZ,MX,65.0,17
PT,RO,65.0,16
BB,SK,65.0,17
SA,VE,65.0,16
SA,SA,65.0,16
BS,KR,65.0,19
KP,LT,65.0,16
AZ,TZ,65.0,20
CH,PK,65.0,18
FR,TN,65.0,17
BS,MT,65.0,20
AZ,MT,65.0,16
AO,KY,65.0,19
BB,CW,65.0,16
ID,KZ,65.0,20
EE,KP,65.0,19
CA,KP,65.0,20
KW,LK,65.0,17
ES,MO,65.0,16
BH,FI,65.0,16
SM,TZ,65.0,17
CI,SM,65.0,14
BH,WS,65.0,18
BH,ZA,65.0,17
AR,BZ,65.0,18
AE,BB,65.0,16
AE,MC,65.0,17
AZ,HU,65.0,16
EC,ET,65.0,15
VN,ZA,64.0,16
TW,TW,64.0,16
SM,ZA,64.0,18
CI,HU,64.0,16
BM,ME,64.0,15
BR,VE,64.0,19
BR,UY,64.0,17
BS,VE,64.0,19
BH,NL,64.0,17
BH,HU,64.0,15
BH,ID,64.0,17
BO,MA,64.0,16
SC,ZM,64.0,15
BS,CR,64.0,17
KW,NZ,64.0,15
GI,JP,64.0,16
IT,VE,64.0,16
AO,CH,64.0,16
BO,DE,64.0,15
CI,TR,64.0,17
GI,ID,64.0,17
LK,SE,64.0,19
CU,EC,64.0,15
GE,ME,64.0,16
BR,CY,64.0,16
CG,ZW,64.0,16
HR,ME,64.0,16
CG,ZM,64.0,14
BB,TW,64.0,16
SC,SK,64.0,17
SC,SM,64.0,16
CI,MA,64.0,20
CU,KP,64.0,14
NP,TR,64.0,15
GB,MA,64.0,17
CR,VN,64.0,15
SG,VE,64.0,17
CG,JP,64.0,16
IN,KV,64.0,17
CW,LK,64.0,13
BO,SE,64.0,20
CR,KV,64.0,20
HU,PG,64.0,17
HU,TN,64.0,16
GI,KW,64.0,17
RO,VN,64.0,16
CY,ME,64.0,15
BB,EG,64.0,17
CW,CW,64.0,20
BS,US,64.0,15
BS,SI,64.0,17
IN,NP,64.0,16
AR,LK,64.0,14
KZ,SC,64.0,14
GE,ZW,64.0,19
ID,NP,64.0,16
VE,ZA,64.0,18
KP,NL,64.0,15
AO,LB,64.0,15
PH,VE,64.0,15
MY,WS,64.0,16
AE,KW,64.0,16
BB,NP,64.0,15
LB,LK,64.0,16
MA,RO,64.0,16
VE,VG,64.0,15
BB,BY,64.0,16
CI,PY,63.0,16
BO,PG,63.0,18
BZ,CN,63.0,15
CZ,SC,63.0,16
CO,MO,63.0,19
MO,PK,63.0,16
MD,PG,63.0,15
LI,VE,63.0,16
CZ,ZW,63.0,16
EE,WS,63.0,19
MD,TN,63.0,17
CI,TH,63.0,16
BE,PG,63.0,16
TN,TR,63.0,16
JP,MA,63.0,16
MO,PA,63.0,15
BR,LT,63.0,18
BG,WS,63.0,17
AZ,UA,63.0,17
LK,QA,63.0,16
BM,BO,63.0,18
MC,MO,63.0,17
BH,SK,63.0,18
AZ,ZM,63.0,16
PK,TZ,63.0,15
CA,MT,63.0,13
RS,VN,63.0,18
MU,ZM,63.0,15
BZ,LU,63.0,19
NO,ZM,63.0,15
LK,ZA,63.0,20
EG,PK,63.0,18
BH,PK,63.0,17
KP,MT,63.0,19
HU,SC,63.0,17
HR,KW,63.0,17
NP,UY,63.0,17
CU,NP,63.0,18
CG,TR,63.0,18
KP,VN,63.0,18
BY,MO,63.0,19
ET,TH,63.0,16
ET,TW,63.0,16
CH,KV,63.0,14
FI,PK,63.0,17
AT,BS,63.0,16
JP,TN,63.0,16
CR,SC,63.0,15
HU,KW,63.0,16
HR,MA,63.0,15
BR,PL,63.0,19
CL,MC,63.0,17
BZ,GB,63.0,18
CH,CN,63.0,19
SC,TZ,62.0,15
AO,IN,62.0,14
KW,TH,62.0,20
FR,GI,62.0,17
IT,KW,62.0,16
ME,SM,62.0,14
AZ,VE,62.0,16
AO,AU,62.0,15
ET,SG,62.0,16
CI,EG,62.0,14
US,VN,62.0,16
BR,ZM,62.0,17
LK,MD,62.0,13
BO,ID,62.0,17
AZ,BY,62.0,16
KV,SK,62.0,15
FR,FR,62.0,17
FI,WS,62.0,14
IS,MO,62.0,15
CG,PG,62.0,16
BY,ME,62.0,14
CW,FR,62.0,18
BS,RS,62.0,18
AR,CG,62.0,14
KP,PT,62.0,16
SC,VN,62.0,14
AU,KP,62.0,16
HU,MO,62.0,18
PG,RU,62.0,18
FR,ZW,62.0,18
HK,VN,62.0,16
CG,SI,62.0,14
GB,WS,62.0,14
FR,MC,62.0,16
BZ,RS,62.0,15
GB,MC,62.0,18
BB,FI,62.0,14
AR,BH,62.0,17
AR,AR,62.0,16
BO,PT,62.0,16
LK,TW,62.0,17
KZ,NP,62.0,17
BB,KY,62.0,17
BB,RU,62.0,17
BZ,VG,62.0,15
AO,KW,62.0,20
BB,CY,62.0,19
BH,CW,62.0,15
LK,UY,62.0,17
GI,IE,62.0,17
KZ,MU,62.0,19
AU,AZ,62.0,13
AZ,NO,62.0,13
PA,PK,62.0,15
BB,PG,62.0,16
CL,ZW,62.0,13
GI,MY,62.0,18
ET,LK,62.0,18
CI,RO,62.0,15
EC,UA,62.0,16
AO,CU,61.0,17
AE,SM,61.0,17
AE,PK,61.0,17
AZ,MC,61.0,16
AO,CO,61.0,16
AO,HU,61.0,16
CH,ET,61.0,17
CG,SK,61.0,15
BB,GB,61.0,16
BB,FR,61.0,15
CH,MC,61.0,15
GR,MA,61.0,11
AO,BG,61.0,16
BO,MT,61.0,16
SI,SM,61.0,16
ET,TR,61.0,15
IT,KP,61.0,16
BS,HU,61.0,14
BS,ID,61.0,16
BS,CZ,61.0,16
ET,QA,61.0,17
AO,TN,61.0,14
JP,MO,61.0,17
SA,WS,61.0,13
KR,PG,61.0,15
NP,SI,61.0,17
KP,NO,61.0,13
SM,TW,61.0,14
FR,VE,61.0,17
BB,JP,61.0,18
BB,SE,61.0,16
BZ,TN,61.0,16
PK,SG,61.0,16
LT,MA,61.0,16
ES,PK,61.0,15
IN,RU,61.0,17
CA,LK,61.0,14
IN,PG,61.0,17
BY,ET,61.0,14
CR,PK,61.0,17
LV,TN,61.0,17
KV,PT,61.0,18
KV,LU,61.0,15
BR,SA,61.0,13
AZ,RU,61.0,16
CL,KV,61.0,16
GR,PG,61.0,13
MY,MY,61.0,13
ID,MC,61.0,14
CG,CH,61.0,16
CI,PK,61.0,17
GR,KV,61.0,20
AZ,GR,61.0,16
HR,KV,61.0,18
HK,ZW,61.0,15
SC,WS,61.0,13
MT,PK,61.0,14
ET,GR,61.0,17
BO,SA,61.0,15
MO,RO,61.0,17
ME,TH,61.0,13
CW,WS,61.0,13
AE,BO,60.0,15
BH,MD,60.0,14
BH,MA,60.0,16
IT,MO,60.0,14
CY,SC,60.0,19
BS,MD,60.0,15
BS,MX,60.0,15
AU,NP,60.0,18
IT,NP,60.0,14
KW,MT,60.0,15
AE,BR,60.0,18
BS,HK,60.0,14
SE,VE,60.0,16
EE,MO,60.0,17
US,ZW,60.0,17
PA,VE,60.0,16
TR,ZW,60.0,19
BR,RO,60.0,13
BO,IL,60.0,13
MA,UY,60.0,15
KR,PL,60.0,19
CZ,TN,60.0,15
FI,KV,60.0,16
HR,SM,60.0,16
CL,GI,60.0,16
BH,CR,60.0,13
DE,GI,60.0,15
EG,VE,60.0,18
PE,ZM,60.0,19
LK,WS,60.0,13
CG,CY,60.0,14
KY,ZM,60.0,17
LK,ZW,60.0,16
CG,CO,60.0,16
AT,WS,60.0,14
CI,LI,60.0,16
AO,KZ,60.0,19
BB,EE,60.0,14
SM,UY,60.0,15
LK,PT,60.0,15
MU,MU,60.0,15
MO,SK,60.0,16
BO,VE,60.0,16
MC,SC,60.0,17
KV,TR,60.0,16
BG,ME,60.0,16
KP,TW,60.0,16
QA,SC,60.0,16
NO,TN,60.0,16
HU,LK,60.0,18
GR,LK,60.0,14
EC,KR,60.0,14
PE,VN,60.0,16
CG,TN,60.0,17
CG,TH,60.0,14
GI,MC,60.0,16
PG,TZ,60.0,15
MT,ZM,60.0,15
PK,SC,60.0,16
IL,MA,60.0,14
BZ,SE,60.0,15
CA,ME,60.0,18
IN,SM,60.0,13
BS,PT,60.0,12
AT,BH,60.0,13
PG,TH,60.0,15
IL,ME,60.0,18
CW,ZW,60.0,16
BY,VN,60.0,16
MO,VN,60.0,16
KY,MA,60.0,16
ME,PT,60.0,17
BH,KZ,60.0,17
BR,VN,60.0,13
IS,SC,60.0,12
LT,SC,60.0,16
ME,PL,60.0,14
MD,PK,60.0,14
EE,ES,59.0,17
TN,TW,59.0,14
BM,SC,59.0,17
BS,WS,59.0,14
BR,JP,59.0,17
AO,DK,59.0,14
ET,UA,59.0,14
BR,FI,59.0,14
PY,ZW,59.0,18
AO,ZW,59.0,17
MC,TH,59.0,14
ET,RU,59.0,14
ET,PE,59.0,16
BS,CY,59.0,16
CZ,LK,59.0,12
FI,SC,59.0,19
AO,WS,59.0,15
KW,ZA,59.0,15
BS,NP,59.0,16
GI,SK,59.0,16
HU,ME,59.0,17
HR,WS,59.0,16
HU,VN,59.0,12
HR,VN,59.0,14
CG,SA,59.0,15
TN,UY,59.0,14
BR,WS,59.0,15
ME,PY,59.0,13
AR,BS,59.0,16
IS,KW,59.0,15
FR,KP,59.0,15
ME,MX,59.0,15
BO,SM,59.0,13
GB,KV,59.0,14
AR,VE,59.0,19
EG,WS,59.0,18
PG,SK,59.0,15
BZ,PG,59.0,14
CA,PG,59.0,18
CA,MO,59.0,19
AT,SC,59.0,16
GI,HR,59.0,16
GI,IL,59.0,13
IS,IS,59.0,15
CU,ZM,59.0,14
CG,MD,59.0,15
PH,VN,59.0,15
BB,NO,59.0,16
BB,CU,59.0,15
EC,LI,59.0,17
CI,PH,59.0,16
CI,ES,59.0,17
HK,KP,59.0,12
CI,FI,59.0,16
BB,MX,59.0,16
DK,ZW,59.0,18
LI,WS,59.0,15
CL,ET,59.0,15
AZ,PY,59.0,15
BR,MD,59.0,14
KP,RO,59.0,18
CI,SE,59.0,15
HR,SC,59.0,16
AO,PK,59.0,14
BH,DK,59.0,17
BR,QA,59.0,16
AO,NO,59.0,16
BM,KV,58.0,14
KR,TN,58.0,14
KR,KV,58.0,17
ET,KZ,58.0,15
RU,SC,58.0,15
DE,MC,58.0,16
SA,TN,58.0,14
KP,MX,58.0,16
KP,NP,58.0,12
KP,LU,58.0,15
KP,WS,58.0,16
AZ,SE,58.0,15
NP,SC,58.0,15
AZ,MA,58.0,17
CI,DK,58.0,14
EC,GB,58.0,15
BM,PG,58.0,14
BH,VG,58.0,15
PH,SM,58.0,16
BB,PL,58.0,15
ID,VN,58.0,16
CG,CR,58.0,14
CG,CU,58.0,16
PK,RU,58.0,12
LK,TZ,58.0,14
PG,US,58.0,14
CL,ME,58.0,16
CG,US,58.0,16
IL,LK,58.0,16
BZ,PA,58.0,15
BZ,FR,58.0,15
IL,VN,58.0,14
CR,ZW,58.0,16
MX,PG,58.0,16
GB,SM,58.0,16
AO,MC,58.0,15
ES,KW,58.0,15
LT,VN,58.0,15
BY,MC,58.0,15
PY,SC,58.0,16
BE,KV,58.0,15
ES,ZW,58.0,17
ES,WS,58.0,17
BO,VN,58.0,14
BO,UA,58.0,17
CR,NP,58.0,15
ME,PK,58.0,17
IS,MC,58.0,15
BS,KY,58.0,12
AO,HK,58.0,16
KP,TN,58.0,15
MC,TR,58.0,14
BG,BS,58.0,13
BG,MA,58.0,15
ET,PL,58.0,13
KV,SI,58.0,12
NL,ZM,58.0,12
GI,KY,58.0,14
GI,PT,58.0,15
CH,LK,58.0,13
BO,CW,58.0,17
EE,ZW,58.0,15
AO,BM,58.0,13
AO,CL,58.0,14
LB,ZW,58.0,14
AE,EC,58.0,15
EG,KP,58.0,15
EC,PL,58.0,13
UY,WS,58.0,15
VG,ZM,58.0,12
AE,KV,58.0,12
TW,WS,58.0,14
WS,ZA,58.0,16
EC,QA,57.0,13
DK,SC,57.0,16
LK,NP,57.0,15
LK,RS,57.0,12
IT,SM,57.0,14
ME,TZ,57.0,15
AT,VE,57.0,12
CO,PG,57.0,12
GI,NL,57.0,13
GB,NP,57.0,13
AO,EE,57.0,13
LT,PG,57.0,16
BH,UA,57.0,19
BH,UY,57.0,15
BH,MT,57.0,13
DK,GI,57.0,16
EC,GE,57.0,13
DE,PK,57.0,17
SG,ZM,57.0,15
ES,KV,57.0,13
BO,KY,57.0,14
BE,PK,57.0,16
BS,KW,57.0,14
ME,VN,57.0,14
BS,IL,57.0,14
PG,TW,57.0,14
PY,PY,57.0,16
GI,ZW,57.0,15
CR,TN,57.0,15
BS,SM,57.0,12
LV,VN,57.0,14
LV,ZW,57.0,15
QA,VN,57.0,12
BY,TN,57.0,15
PY,ZM,57.0,14
PA,SC,57.0,14
IN,SC,57.0,14
KW,LU,57.0,15
BH,KR,57.0,13
ET,IN,57.0,17
BR,IN,57.0,15
SC,SG,57.0,18
BB,NZ,57.0,14
CG,VN,57.0,15
CH,KP,57.0,16
HK,ZM,57.0,13
KW,SI,57.0,16
KW,QA,57.0,15
BH,NZ,57.0,16
KV,KZ,57.0,13
MX,RS,57.0,18
AZ,GE,57.0,16
EC,NL,57.0,14
BS,CH,57.0,13
IT,WS,57.0,14
JP,JP,57.0,16
BB,CZ,57.0,17
CG,GB,57.0,12
BO,TW,57.0,14
MY,TN,57.0,15
CA,TN,57.0,13
CG,PE,57.0,14
AE,AZ,57.0,14
UY,ZM,57.0,16
AO,AR,57.0,15
EG,EG,57.0,17
AE,LK,57.0,14
EG,NP,56.0,17
BM,PK,56.0,15
BR,CN,56.0,12
BO,MU,56.0,17
ES,ZM,56.0,19
ES,ME,56.0,15
KP,LV,56.0,14
SG,VN,56.0,16
ME,VE,56.0,12
KR,ZM,56.0,12
KV,LB,56.0,17
KV,LT,56.0,17
AO,PT,56.0,15
CI,CZ,56.0,17
CI,MU,56.0,17
AZ,IS,56.0,15
TN,ZA,56.0,16
BB,ES,56.0,12
BB,ET,56.0,15
BB,GE,56.0,13
BR,TZ,56.0,11
BM,VN,56.0,14
EC,ES,56.0,14
SM,VG,56.0,12
MC,MT,56.0,14
KP,UY,56.0,18
ME,WS,56.0,15
PH,PH,56.0,15
MA,PY,56.0,15
MO,VE,56.0,17
CU,KV,56.0,13
AZ,FR,56.0,13
LV,VE,56.0,16
CZ,CZ,56.0,15
BR,SE,56.0,12
CL,MO,56.0,17
BZ,CO,56.0,16
QA,VE,56.0,16
KV,PY,56.0,13
BE,MO,56.0,17
BH,GB,56.0,11
KW,LV,56.0,13
AZ,MD,56.0,17
IE,SC,56.0,14
CY,MA,56.0,13
CI,NZ,56.0,13
AO,MU,56.0,14
AO,NL,56.0,13
KW,SA,56.0,17
BH,IL,56.0,14
ID,ME,56.0,13
ID,TN,56.0,12
AO,TH,56.0,14
CH,PG,56.0,16
CI,CL,56.0,15
KV,TN,56.0,19
KV,TZ,56.0,16
KV,VN,56.0,13
PK,SI,56.0,15
IT,ME,56.0,18
CG,LV,56.0,13
CN,KW,56.0,15
CN,MO,56.0,12
AT,SM,56.0,14
BS,DK,56.0,15
AU,BH,56.0,13
PK,VG,56.0,14
BR,PT,56.0,17
IT,ZW,56.0,18
CN,PK,56.0,16
NO,VE,56.0,15
CG,IL,56.0,15
CG,PK,56.0,15
CG,PT,55.0,15
JP,MD,55.0,15
GE,WS,55.0,14
IT,ZM,55.0,11
BG,CG,55.0,12
AO,LT,55.0,11
BO,TH,55.0,15
ME,SA,55.0,14
BB,CA,55.0,15
NP,UA,55.0,14
BR,HK,55.0,17
DK,ET,55.0,13
DE,KW,55.0,14
BR,CZ,55.0,14
BR,LB,55.0,13
AO,QA,55.0,16
GE,KV,55.0,15
BS,ES,55.0,16
CU,PK,55.0,15
CI,GR,55.0,15
KV,VG,55.0,16
NP,TW,55.0,14
CI,IS,55.0,11
ME,SG,55.0,14
AZ,KZ,55.0,13
BS,JP,55.0,12
CI,US,55.0,16
CY,KW,55.0,17
AU,VE,55.0,14
CU,GI,55.0,15
AR,VN,55.0,12
PA,ZW,55.0,14
CL,PK,55.0,13
EG,KW,55.0,15
LI,TN,55.0,14
ZA,ZM,55.0,13
TZ,VN,55.0,13
BH,RS,55.0,15
BO,NL,55.0,12
AO,FR,55.0,15
BO,KR,55.0,18
BR,MU,55.0,14
BR,US,55.0,16
CO,ZM,55.0,16
MO,PL,55.0,14
CI,CR,55.0,14
TR,VE,55.0,18
HU,MA,55.0,14
BR,VG,55.0,13
NZ,TN,55.0,14
GI,LT,55.0,15
AT,MO,55.0,14
MO,PE,55.0,15
PL,VN,55.0,13
ET,ZA,55.0,14
AZ,IE,55.0,12
BZ,SK,55.0,13
CI,PE,55.0,12
CW,SM,55.0,15
AZ,BE,55.0,15
LV,ME,55.0,14
BZ,NZ,55.0,16
IE,PK,55.0,13
BB,TH,55.0,13
BR,PE,54.0,14
HK,MO,54.0,13
BR,EE,54.0,15
CG,MU,54.0,13
AO,UA,54.0,13
NO,PK,54.0,16
MY,VE,54.0,14
EC,EE,54.0,13
NL,PG,54.0,14
EC,SA,54.0,13
LK,PK,54.0,16
EC,RS,54.0,16
AE,WS,54.0,13
BH,SG,54.0,14
MO,RS,54.0,14
BS,QA,54.0,13
CO,ME,54.0,13
SC,US,54.0,13
AO,FI,54.0,13
SK,VE,54.0,15
BR,CR,54.0,13
EC,KW,54.0,16
KP,NZ,54.0,14
BO,EE,54.0,15
CR,MA,54.0,17
PG,PL,54.0,14
PH,PK,54.0,15
MA,RS,54.0,14
IE,KP,54.0,14
PG,SC,54.0,15
IN,ZW,54.0,12
PE,SC,54.0,14
GR,ME,54.0,15
KV,MY,54.0,14
CZ,PG,54.0,12
CN,ZW,54.0,14
CG,MA,54.0,13
ET,KP,54.0,13
CN,TN,54.0,14
BH,ET,54.0,12
IT,MC,54.0,16
HR,PG,54.0,13
CG,KZ,54.0,13
JP,PG,54.0,15
KP,LI,54.0,12
GB,ME,54.0,14
CO,SC,54.0,12
AZ,SA,54.0,16
AU,MA,54.0,13
FR,VN,54.0,15
AR,LI,54.0,18
KV,NO,54.0,13
PT,VN,54.0,15
GR,MO,54.0,16
EC,PY,54.0,13
BZ,MC,54.0,17
BZ,QA,54.0,16
AZ,MY,54.0,16
CI,PL,54.0,13
IE,VE,54.0,13
PE,PE,54.0,15
MO,UY,54.0,15
CZ,WS,54.0,17
LU,VN,54.0,15
KW,RU,54.0,12
BB,KW,54.0,14
IL,KP,54.0,14
AR,BR,54.0,14
CZ,ME,54.0,14
AE,ZM,53.0,11
AE,KP,53.0,14
CG,CL,53.0,14
CG,QA,53.0,12
LU,ME,53.0,14
NP,QA,53.0,14
BH,CA,53.0,12
BR,IL,53.0,12
BS,MU,53.0,14
PH,SC,53.0,16
AR,BB,53.0,14
FI,KP,53.0,14
JP,KP,53.0,14
BM,BM,53.0,15
DK,MA,53.0,15
BH,TZ,53.0,14
MC,RO,53.0,16
CU,PG,53.0,15
GI,LI,53.0,16
GI,IN,53.0,14
CG,HU,53.0,17
ME,RS,53.0,17
BG,MO,53.0,13
BG,LK,53.0,16
BG,BG,53.0,11
BB,LB,53.0,11
PA,VN,53.0,13
IE,ZW,53.0,15
CY,MC,53.0,13
LV,SM,53.0,16
BB,TZ,53.0,12
BB,LU,53.0,15
KW,RS,53.0,11
CZ,VE,53.0,13
BH,MU,53.0,13
BB,KR,53.0,13
MA,VG,53.0,13
MA,US,53.0,15
AR,ZM,53.0,12
BE,WS,53.0,14
BZ,IT,53.0,13
KV,RO,53.0,15
AZ,EE,53.0,13
CI,UY,53.0,19
CY,CY,53.0,16
IN,MC,53.0,12
PA,PA,53.0,16
FI,ZM,53.0,13
BR,RS,53.0,15
AZ,ET,53.0,15
AZ,CA,53.0,12
AZ,NL,53.0,17
ME,VG,53.0,14
MU,ZW,53.0,13
ET,SK,53.0,12
BZ,NO,53.0,13
CI,ET,53.0,12
CU,CU,53.0,12
MC,PY,53.0,16
DK,NP,53.0,13
KW,NL,53.0,14
BO,MD,53.0,13
BH,PT,53.0,13
BH,SM,53.0,13
KY,ZW,53.0,15
VG,ZW,53.0,14
SI,WS,53.0,14
EE,MA,53.0,13
KW,MX,52.0,13
CI,JP,52.0,13
AZ,RS,52.0,14
KY,ME,52.0,11
CH,TN,52.0,14
BG,KP,52.0,13
KP,PH,52.0,15
AU,CI,52.0,13
ME,MU,52.0,12
CO,SM,52.0,13
BH,BM,52.0,13
CG,DE,52.0,14
SA,SC,52.0,13
ET,JP,52.0,11
ID,SC,52.0,14
LU,MA,52.0,13
DE,KV,52.0,13
AZ,HK,52.0,13
KV,LI,52.0,12
BZ,SI,52.0,15
KV,VE,52.0,14
AR,BO,52.0,15
FI,TN,52.0,11
AU,ZW,52.0,12
LV,PK,52.0,12
BZ,CZ,52.0,14
MA,MU,52.0,13
PE,SM,52.0,15
BS,SG,52.0,14
CR,GI,52.0,14
KR,MC,52.0,11
AT,AZ,52.0,14
CU,KW,52.0,15
PG,PH,52.0,17
GI,UY,52.0,14
GI,MD,52.0,14
GI,MU,52.0,12
BS,IT,52.0,11
CR,EC,52.0,15
CH,GI,52.0,11
BB,CR,52.0,13
CA,VE,52.0,13
BO,US,52.0,14
CG,KR,52.0,13
EC,IN,52.0,14
AO,CN,52.0,13
TH,TH,52.0,12
EC,ZW,52.0,13
BB,ID,52.0,13
BO,IS,52.0,14
BH,TN,52.0,12
EG,MC,52.0,15
BM,TN,52.0,15
SI,ZW,51.0,15
LK,MU,51.0,12
EC,TZ,51.0,11
CG,IN,51.0,14
SG,SG,51.0,15
BR,BY,51.0,12
EC,IL,51.0,14
BM,CG,51.0,12
EE,SM,51.0,14
AE,CG,51.0,15
CG,TW,51.0,16
TW,VN,51.0,14
GI,PY,51.0,13
MT,NP,51.0,14
BY,NP,51.0,14
BS,UY,51.0,14
CL,SM,51.0,13
BR,RU,51.0,13
BR,TH,51.0,13
BR,SI,51.0,16
GB,GB,51.0,13
AR,ZW,51.0,13
MO,PG,51.0,11
CY,EC,51.0,13
MA,ME,51.0,13
AR,KV,51.0,13
GR,TN,51.0,14
AR,NP,51.0,16
AT,EC,51.0,14
US,VE,51.0,13
SK,ZW,51.0,14
BS,PH,51.0,13
AO,SK,51.0,13
AZ,IL,51.0,13
AZ,KR,51.0,13
AZ,IT,51.0,13
LU,PG,51.0,11
MX,SC,51.0,12
AO,NP,51.0,14
BH,NO,51.0,16
RS,SC,51.0,14
CW,TN,51.0,13
BZ,PT,51.0,13
AR,CI,51.0,14
AE,ET,51.0,12
LT,LT,51.0,13
ET,PH,51.0,14
ET,IS,51.0,14
BO,FR,51.0,15
LI,ME,51.0,13
CN,WS,51.0,13
SE,TN,51.0,14
KY,SM,51.0,16
SC,VG,51.0,16
SC,VE,51.0,15
CH,ZM,51.0,14
AZ,VN,51.0,12
NP,ZA,51.0,13
NP,PA,51.0,12
NZ,NZ,51.0,15
ET,KV,51.0,13
KV,SG,51.0,11
MA,MT,50.0,11
GI,TR,50.0,13
AO,EG,50.0,12
GI,MX,50.0,12
CO,GI,50.0,13
BB,MT,50.0,12
JP,ME,50.0,12
PH,ZM,50.0,12
BS,GE,50.0,12
BS,LV,50.0,11
BS,VG,50.0,14
BS,MY,50.0,14
JP,SC,50.0,11
NP,SE,50.0,13
BE,CI,50.0,14
CI,ZA,50.0,12
BY,CI,50.0,16
CL,LK,50.0,14
PE,PG,50.0,14
CY,ET,50.0,15
GI,TW,50.0,11
GI,SI,50.0,15
AZ,CR,50.0,13
CO,KV,50.0,13
MC,MX,50.0,11
MC,MD,50.0,10
GI,ZA,50.0,15
PG,SI,50.0,17
AT,CI,50.0,13
AT,ME,50.0,13
IS,VN,50.0,15
FR,SM,50.0,12
BR,NP,50.0,13
HR,PK,50.0,12
CG,GE,50.0,12
BO,TN,50.0,15
HU,PK,50.0,16
LK,UA,50.0,12
BH,SA,50.0,14
KZ,TN,50.0,12
MC,PA,50.0,13
EC,VN,50.0,12
CH,ME,50.0,12
AE,NP,50.0,12
BB,HU,50.0,10
LK,PH,50.0,14
AZ,TN,50.0,16
AO,VE,50.0,14
BG,VN,50.0,13
BH,MY,50.0,13
MY,PG,50.0,16
HK,HK,50.0,13
MY,PK,50.0,15
KW,PY,50.0,14
IN,MO,50.0,14
CL,CL,50.0,16
BZ,PK,50.0,14
CA,CI,50.0,12
NP,RO,50.0,14
MC,RU,50.0,13
IN,LK,50.0,15
IN,IN,50.0,14
PA,SM,50.0,16
NP,RS,50.0,14
BR,CU,50.0,11
ES,TN,50.0,14
BZ,FI,49.0,13
CI,ZW,49.0,15
BB,VG,49.0,11
BE,BE,49.0,12
LU,MC,49.0,12
CI,RU,49.0,11
PK,SK,49.0,15
CL,VN,49.0,10
IT,MA,49.0,13
KP,SK,49.0,13
BH,TR,49.0,13
LK,VE,49.0,15
CA,ZW,49.0,11
EC,HU,49.0,15
BO,PA,49.0,10
AE,MO,49.0,15
BB,CH,49.0,14
CA,SM,49.0,14
CN,NP,49.0,12
LK,MC,49.0,13
LI,ZM,49.0,13
EC,FI,49.0,12
LI,ZW,49.0,14
BO,IE,49.0,12
KZ,ZM,49.0,13
KP,PL,49.0,14
AZ,PH,49.0,14
DK,KV,49.0,16
CU,MA,49.0,12
PT,VE,49.0,16
GI,KZ,49.0,13
AU,TN,49.0,14
CO,MC,49.0,14
EG,PG,49.0,14
AR,PK,49.0,11
BZ,ET,49.0,12
BS,UA,49.0,12
BE,KP,49.0,14
GB,LK,49.0,12
KR,LK,49.0,11
AR,PG,49.0,12
CY,KV,49.0,13
BR,SM,49.0,13
FR,ME,49.0,12
DE,NP,49.0,13
RS,ZM,49.0,13
BB,US,49.0,12
KV,TW,49.0,16
MT,ZW,49.0,13
MT,TN,49.0,14
BH,CY,49.0,14
CY,ZM,49.0,13
BZ,UY,49.0,13
BH,NP,49.0,13
BB,LV,49.0,12
AZ,LU,49.0,12
BZ,MD,49.0,13
LU,SM,49.0,15
BB,BM,48.0,12
MY,VN,48.0,13
AR,MA,48.0,16
BS,SK,48.0,15
VG,VN,48.0,12
KR,MA,48.0,11
GI,LV,48.0,13
UA,ZM,48.0,14
BM,SM,48.0,11
LK,PA,48.0,12
LI,SM,48.0,12
BO,ZW,48.0,11
SG,SM,48.0,13
AO,IT,48.0,13
CG,ID,48.0,13
CG,KY,48.0,14
MT,WS,48.0,12
BY,VE,48.0,12
AO,SG,48.0,12
AO,SE,48.0,12
DE,ME,48.0,12
BR,KY,48.0,13
MX,VE,48.0,15
MX,ZW,48.0,15
BE,BR,48.0,15
CI,KZ,48.0,12
KW,TZ,48.0,12
IL,SG,48.0,13
AO,MX,48.0,12
RO,ZM,48.0,11
FI,SM,48.0,14
BB,ZM,48.0,13
BZ,PH,48.0,12
BZ,HR,48.0,11
KV,ZW,48.0,12
GI,IS,48.0,13
KP,KY,48.0,12
KV,SA,48.0,12
BM,EC,48.0,11
LI,NP,48.0,11
BR,UA,48.0,10
MD,NP,48.0,10
CA,EC,48.0,13
BS,LB,48.0,15
KP,MY,48.0,17
BR,PH,48.0,12
BH,US,48.0,13
HK,WS,48.0,13
ET,GI,48.0,11
BH,LI,48.0,12
BO,ET,47.0,13
AE,MA,47.0,11
TR,TR,47.0,13
EG,SC,47.0,14
KW,NO,47.0,13
ES,SC,47.0,11
MD,ZM,47.0,12
BG,EC,47.0,14
ME,SK,47.0,14
BS,KZ,47.0,12
PK,SA,47.0,13
CI,ID,47.0,11
MA,SI,47.0,12
MA,SC,47.0,16
BS,GB,47.0,14
CL,SC,47.0,11
ET,MD,47.0,13
LK,NL,47.0,10
TH,VN,47.0,13
AZ,WS,47.0,12
BH,HK,47.0,12
AO,MT,47.0,15
DE,DE,47.0,10
EC,ID,47.0,12
CG,CZ,47.0,12
AZ,PE,47.0,12
RS,SM,47.0,13
FI,VE,47.0,11
KV,NZ,47.0,14
BG,NP,47.0,13
MA,NL,47.0,13
HK,LK,47.0,12
IS,SM,47.0,12
MO,MU,47.0,10
GI,IT,47.0,13
BY,CG,47.0,13
KV,RS,47.0,11
PK,PY,47.0,14
GI,PA,47.0,15
BB,ZA,47.0,15
IE,LK,47.0,14
LV,LV,47.0,13
MO,UA,47.0,12
BZ,SG,47.0,9
ET,PA,47.0,16
IE,MC,47.0,14
ET,KY,47.0,12
AE,TN,47.0,10
DK,WS,47.0,13
BO,WS,47.0,12
MC,US,46.0,13
LK,NO,46.0,12
NO,WS,46.0,14
EC,ZA,46.0,10
EC,TW,46.0,13
EC,MU,46.0,12
BM,MO,46.0,10
EE,NP,46.0,13
CR,LK,46.0,11
AO,CA,46.0,16
KP,TH,46.0,16
IS,KV,46.0,13
MO,ZM,46.0,14
BE,SM,46.0,12
SC,ZW,46.0,12
SE,SE,46.0,10
BY,GI,46.0,12
HK,KW,46.0,12
KV,NP,46.0,14
CZ,EC,46.0,14
CZ,NP,46.0,10
CN,ZM,46.0,11
CU,VE,46.0,11
FR,SC,46.0,10
RO,RO,46.0,13
AO,ID,46.0,15
KZ,PK,46.0,11
CG,DK,46.0,11
BZ,ZA,46.0,12
MX,NP,46.0,13
AT,LK,46.0,9
EC,KY,46.0,11
LB,NP,46.0,12
CG,VG,46.0,11
BO,HU,46.0,12
MT,SM,46.0,13
BH,PA,46.0,11
KW,MD,46.0,12
BM,KP,46.0,11
KW,PA,46.0,12
KV,LV,46.0,11
GI,ZM,46.0,13
CA,CG,46.0,12
ET,LB,46.0,13
CI,PT,46.0,14
GR,ZM,46.0,14
AO,PH,46.0,10
GI,HK,46.0,12
BS,CO,46.0,14
ME,TR,46.0,12
CO,VE,46.0,13
ET,VG,46.0,12
PG,SA,46.0,14
MC,UY,45.0,10
EC,SI,45.0,12
BZ,VN,45.0,11
GE,ZM,45.0,11
AU,ET,45.0,12
PT,SM,45.0,13
BS,LU,45.0,14
GE,MC,45.0,15
SC,TH,45.0,12
CN,KP,45.0,13
CG,MY,45.0,14
BB,KZ,45.0,10
AO,ZA,45.0,11
AZ,LI,45.0,12
MC,NZ,45.0,12
LT,MO,45.0,13
CG,NL,45.0,13
NP,SA,45.0,10
CI,NO,45.0,14
ET,LT,45.0,13
PG,QA,45.0,14
PE,ZW,45.0,12
IE,ZM,45.0,12
MO,SG,45.0,12
ET,HU,45.0,11
BY,SM,45.0,12
CZ,GI,45.0,11
BZ,JP,45.0,14
BH,CL,45.0,12
AZ,CY,45.0,11
HU,WS,45.0,11
CG,UY,45.0,12
LK,LU,45.0,12
BO,CR,45.0,13
BH,QA,45.0,10
MY,ZM,45.0,10
LT,SM,45.0,13
ES,KP,45.0,11
ES,ET,45.0,14
BO,LU,45.0,12
DK,PG,44.0,12
BO,DK,44.0,13
BO,GB,44.0,14
CG,LB,44.0,12
CH,VE,44.0,13
LK,SA,44.0,11
BO,RU,44.0,10
DE,VN,44.0,14
ET,LV,44.0,14
NL,PK,44.0,9
LK,SM,44.0,14
LK,MX,44.0,13
CI,VE,44.0,13
BZ,SM,44.0,14
CI,TZ,44.0,11
MO,WS,44.0,13
PH,WS,44.0,11
MO,SI,44.0,11
AZ,BM,44.0,14
CI,CW,44.0,11
BR,LI,44.0,9
CR,PG,44.0,11
PY,VE,44.0,12
KZ,PG,44.0,13
AR,KW,44.0,13
NO,VN,44.0,12
CA,NP,44.0,13
BB,MY,44.0,13
BR,MX,44.0,13
BR,MC,44.0,13
JP,NP,44.0,14
CO,NP,44.0,10
MA,MX,44.0,13
PK,UY,44.0,11
GE,PG,44.0,11
BB,IN,44.0,15
BH,MC,44.0,12
ES,VN,44.0,11
BS,ZM,44.0,11
BS,GR,44.0,12
EC,PK,44.0,14
EG,MO,44.0,11
EG,GI,44.0,10
BO,ES,44.0,12
KP,PA,44.0,12
NP,PL,44.0,13
PL,SM,43.0,10
AZ,KY,43.0,12
BB,SM,43.0,12
BY,ZM,43.0,11
CI,MX,43.0,11
MX,VN,43.0,11
BE,BH,43.0,11
LT,PK,43.0,11
GB,VN,43.0,13
BG,BO,43.0,13
GB,PG,43.0,11
NP,PY,43.0,11
AO,GR,43.0,12
UY,UY,43.0,13
AE,SC,43.0,12
BM,CI,43.0,15
EC,WS,43.0,12
MC,PL,43.0,12
CU,VN,43.0,11
NZ,PG,43.0,11
DK,TN,43.0,12
BS,CA,43.0,12
MU,VE,43.0,12
GE,VE,43.0,14
PL,SC,43.0,12
BZ,VE,43.0,12
IT,LK,43.0,11
BH,JP,43.0,9
ET,IL,43.0,14
IL,ZW,43.0,13
CL,KW,43.0,11
GI,PK,43.0,13
BH,PG,43.0,13
LK,US,43.0,11
AO,CW,43.0,12
AE,ZW,43.0,14
MU,SM,43.0,9
AU,ME,43.0,12
SA,VN,43.0,12
KV,RU,43.0,12
BO,MC,43.0,11
EC,HR,43.0,13
GR,MC,43.0,12
BH,CU,43.0,13
PH,TN,43.0,12
CI,MY,43.0,13
CG,LU,42.0,9
AO,LU,42.0,12
IN,VN,42.0,13
PH,ZW,42.0,12
AO,SA,42.0,13
ET,SC,42.0,10
ET,SI,42.0,10
GI,SM,42.0,12
BE,EC,42.0,9
AO,PG,42.0,13
TN,TZ,42.0,15
BO,LV,42.0,11
MA,TZ,42.0,9
BM,BZ,42.0,12
EE,KW,42.0,15
EC,TR,42.0,10
MD,MO,42.0,11
BS,EE,42.0,10
BR,TR,42.0,14
CU,SM,42.0,11
NP,TZ,42.0,11
KZ,KZ,42.0,14
HU,HU,42.0,11
CG,ET,42.0,10
QA,SM,42.0,15
MA,SK,42.0,13
CA,WS,42.0,11
BO,CH,42.0,10
KW,SC,42.0,12
BO,CL,42.0,9
GE,MO,42.0,12
BR,MT,42.0,12
BH,VE,42.0,13
MA,PA,42.0,10
ME,SE,42.0,10
CR,WS,42.0,11
BH,KY,42.0,9
CI,LB,42.0,14
MU,VN,42.0,9
BS,MA,42.0,10
KW,ME,42.0,13
KV,UA,42.0,12
IT,KV,42.0,11
GI,MT,42.0,12
GR,VE,42.0,12
CI,PG,42.0,10
BH,RU,42.0,11
BM,KW,41.0,11
BB,IE,41.0,10
CL,EC,41.0,9
EC,GR,41.0,10
LB,SM,41.0,13
BE,CG,41.0,14
GR,VN,41.0,12
IN,VE,41.0,13
CI,CY,41.0,12
EG,ZW,41.0,10
EC,IE,41.0,13
DE,TN,41.0,11
AR,EC,41.0,12
MC,SG,41.0,10
MD,MD,41.0,13
HK,MC,41.0,13
CI,MD,41.0,9
KV,UY,41.0,9
MO,PT,41.0,12
DK,MC,41.0,10
BH,IE,41.0,11
RO,VE,41.0,11
PT,TN,41.0,10
ME,RO,41.0,13
BH,LV,41.0,12
FI,GI,41.0,10
BZ,IN,41.0,14
BZ,DE,41.0,10
KW,RO,41.0,13
BS,CU,41.0,11
KP,SI,41.0,12
CG,KW,41.0,15
NO,ZW,41.0,14
KV,PG,41.0,11
CH,SM,41.0,12
CI,LV,40.0,11
BH,KW,40.0,10
AT,AT,40.0,10
KV,PA,40.0,10
CY,VN,40.0,12
KV,MU,40.0,10
SE,VN,40.0,9
TZ,ZM,40.0,10
EG,LK,40.0,13
CI,QA,40.0,10
GI,VG,40.0,12
CL,PG,40.0,13
LV,PG,40.0,11
GR,NP,40.0,10
PE,VE,40.0,11
BR,ET,40.0,9
GI,TZ,40.0,12
MT,MT,40.0,13
EC,RU,40.0,10
SG,ZW,40.0,9
CI,HK,40.0,9
AZ,NZ,40.0,11
BS,NZ,40.0,11
GE,PK,40.0,13
ET,MT,40.0,9
BZ,HU,40.0,10
GB,ZM,40.0,12
JP,WS,40.0,14
CN,VE,39.0,8
SC,TN,39.0,10
RS,TN,39.0,10
DE,EC,39.0,10
AU,WS,39.0,10
BE,BS,39.0,9
CL,TN,39.0,10
KW,UY,39.0,11
GI,PH,39.0,9
LT,TN,39.0,9
SI,TN,39.0,11
CG,CW,39.0,11
AO,PL,39.0,11
GI,VN,39.0,10
CO,KW,39.0,11
PT,SC,39.0,11
ME,MY,39.0,8
KV,QA,39.0,11
CZ,MO,39.0,10
GI,MA,39.0,9
BE,TN,39.0,9
BB,IS,39.0,12
DE,PG,39.0,11
DK,KP,39.0,10
CU,WS,39.0,12
NZ,PK,39.0,11
KR,KR,39.0,11
BR,TN,39.0,10
CO,PK,39.0,11
EE,ZM,39.0,13
AO,AT,38.0,10
FI,LK,38.0,9
CO,ET,38.0,11
ME,NO,38.0,11
CW,VN,38.0,10
CO,LK,38.0,13
BS,ZA,38.0,11
FR,NP,38.0,11
KP,ZA,38.0,9
KP,VG,38.0,9
ME,ZA,38.0,11
MX,PK,38.0,11
AO,HR,38.0,13
CA,CA,38.0,10
CG,ES,38.0,11
CA,ET,38.0,11
NP,US,38.0,13
CG,ZA,38.0,11
KY,MC,38.0,14
BO,CZ,38.0,13
IL,SM,38.0,11
BR,KW,38.0,10
KW,SG,38.0,8
BH,CN,38.0,9
IN,KW,38.0,9
PG,PY,38.0,10
AZ,LT,38.0,12
HR,MO,38.0,10
BO,KZ,38.0,10
BO,KW,38.0,10
BE,BZ,37.0,12
HR,MC,37.0,10
BM,MA,37.0,9
AZ,PG,37.0,11
KV,KY,37.0,11
GR,GR,37.0,10
BB,PA,37.0,11
AZ,LV,37.0,12
CG,PY,37.0,14
RU,SM,37.0,13
BE,KW,37.0,10
BY,PG,37.0,9
BS,CW,37.0,11
FR,PG,37.0,13
MC,MU,37.0,10
KV,MT,37.0,11
GE,NP,37.0,12
CN,PG,37.0,11
MA,UA,37.0,11
VG,VG,37.0,10
CN,MC,37.0,9
PT,ZM,37.0,10
EE,TN,37.0,9
PG,TR,37.0,10
BS,PA,37.0,12
LV,WS,37.0,8
AT,PK,37.0,9
KP,RS,36.0,9
AU,SM,36.0,10
SK,SK,36.0,11
BO,CN,36.0,11
BO,HR,36.0,10
BR,CL,36.0,10
GI,LB,36.0,10
BS,PE,36.0,12
AT,ZW,36.0,11
PK,SE,36.0,10
ME,SI,36.0,10
CW,SC,36.0,11
LK,MY,36.0,10
AZ,IN,36.0,12
IE,TN,36.0,11
BB,ZW,36.0,10
BB,PY,36.0,9
RU,ZM,36.0,9
BS,TW,36.0,12
ET,RO,36.0,9
BB,IT,36.0,10
KY,LK,36.0,10
EG,VN,36.0,11
CI,MT,36.0,11
CG,RO,36.0,12
BB,BE,35.0,9
CG,WS,35.0,10
AZ,QA,35.0,8
BZ,MT,35.0,8
BG,BZ,35.0,10
CW,NP,35.0,11
AO,CR,35.0,12
GI,TH,35.0,11
BZ,KW,35.0,10
BH,FR,35.0,13
CI,UA,35.0,11
DE,WS,35.0,8
BB,TN,35.0,10
MX,SM,35.0,12
HK,PK,34.0,6
MC,VG,34.0,10
MA,SG,34.0,13
MC,NL,34.0,10
BR,ZW,34.0,9
LK,MA,34.0,10
RO,SC,34.0,9
IS,PG,34.0,11
KV,PL,34.0,9
BG,PG,34.0,8
CW,MC,34.0,10
BB,PK,34.0,8
BZ,PL,34.0,11
ET,IT,34.0,10
BG,VE,34.0,9
BZ,CR,34.0,12
AZ,SI,34.0,10
CI,HR,34.0,8
NP,SG,34.0,8
BB,PE,34.0,8
LT,ZM,34.0,8
KV,MD,33.0,10
NP,NZ,33.0,9
BH,TW,33.0,9
EE,GI,33.0,8
RU,VE,33.0,9
ET,FI,33.0,11
PK,TH,33.0,11
GE,KW,33.0,11
AR,ME,33.0,9
EC,NO,33.0,9
BH,SE,33.0,9
IS,NP,33.0,8
DE,MO,33.0,9
LT,WS,33.0,12
BR,HU,33.0,9
PA,TN,33.0,8
LI,MA,32.0,9
NL,VN,32.0,7
HR,KP,32.0,9
EG,ZM,32.0,9
KY,NP,32.0,10
BZ,GE,32.0,11
AO,RO,32.0,9
CN,MA,32.0,10
IE,NP,32.0,7
CI,CN,32.0,11
DE,KP,32.0,8
AR,SC,32.0,9
CZ,PK,32.0,8
AO,CY,32.0,9
MC,SK,32.0,10
CN,CN,32.0,8
KW,LT,32.0,11
MA,NZ,32.0,8
ME,NZ,32.0,9
BS,RU,31.0,8
BS,MC,31.0,10
BZ,ID,31.0,9
JP,ZM,31.0,7
SK,VN,31.0,9
KP,KR,31.0,9
JP,SM,31.0,8
PG,PT,31.0,11
CL,NP,31.0,9
AO,PE,31.0,8
BB,PH,31.0,10
DK,ME,31.0,7
CH,ZW,31.0,8
ET,PT,31.0,10
UA,UA,30.0,9
GR,SM,30.0,9
AU,KW,30.0,7
BS,LT,30.0,10
CW,MA,30.0,10
AZ,VG,30.0,8
BB,BG,30.0,10
ID,LK,30.0,10
BZ,MA,29.0,7
CI,WS,29.0,8
IS,VE,29.0,11
AZ,UY,29.0,8
CW,KV,29.0,7
HU,SM,29.0,8
KY,VN,28.0,8
AR,ET,28.0,9
BB,RO,28.0,7
DE,MA,28.0,9
TH,VE,27.0,8
MA,NO,27.0,9
AR,KP,27.0,9
BE,LK,27.0,8
GI,SE,27.0,7
BR,IS,27.0,9
ET,NZ,27.0,8
AO,IL,27.0,8
SI,SI,27.0,9
AT,KW,27.0,9
AZ,ZW,26.0,6
FR,MO,26.0,8
MO,NO,26.0,8
AO,ZM,26.0,8
ME,PA,26.0,8
BB,MU,26.0,7
KP,VE,25.0,7
TZ,WS,25.0,6
DE,ET,25.0,7
BY,LK,25.0,7
MX,MX,25.0,6
BY,PK,24.0,8
CI,PA,24.0,8
NL,VE,24.0,6
HK,VE,23.0,6
CG,RU,23.0,7
BE,ZM,23.0,7
BR,LU,23.0,7
EE,PG,22.0,8
CG,MT,22.0,8
GI,QA,21.0,8
CU,MC,20.0,5
RS,RS,17.0,5
AE,AE,14.0,4
